Name	Rarity	Quantity	Type	Flavor	Symbol	Bonuses	Image
Casing	0	80	3		casing_compon		items_components_casing_compon.png
Casing	1	138	3		casing_quality1_compon		items_components_casing_compon.png
Casing	2	297	3		casing_quality2_compon		items_components_casing_compon.png
Casing	3	2	3		casing_quality3_compon		items_components_casing_compon.png
Power Cell	1	11	3		power_cell_quality1_compon		items_components_power_cell_compon.png
Power Cell	2	1681	3		power_cell_quality2_compon		items_components_power_cell_compon.png
Power Cell	3	12	3		power_cell_quality3_compon		items_components_power_cell_compon.png
Power Cell	4	7	3		power_cell_quality4_compon		items_components_power_cell_compon.png
Isolinear Chips	0	1914	3		isolinear_chips_compon		items_components_isolinear_chips_compon.png
Isolinear Chips	1	1724	3		isolinear_chips_quality1_compon		items_components_isolinear_chips_compon.png
Isolinear Chips	2	1421	3		isolinear_chips_quality2_compon		items_components_isolinear_chips_compon.png
Isolinear Chips	3	1	3		isolinear_chips_quality3_compon		items_components_isolinear_chips_compon.png
Isolinear Chips	4	27	3		isolinear_chips_quality4_compon		items_components_isolinear_chips_compon.png
Optronic Circuit	0	1465	3		optronic_circuit_compon		items_components_optronic_circuit_compon.png
Optronic Circuit	1	4484	3		optronic_circuit_quality1_compon		items_components_optronic_circuit_compon.png
Optronic Circuit	2	2931	3		optronic_circuit_quality2_compon		items_components_optronic_circuit_compon.png
Optronic Circuit	3	11	3		optronic_circuit_quality3_compon		items_components_optronic_circuit_compon.png
Optronic Circuit	4	116	3		optronic_circuit_quality4_compon		items_components_optronic_circuit_compon.png
Subprocessor	0	28	3		subprocessor_compon		items_components_subprocessor_compon.png
Subprocessor	1	1199	3		subprocessor_quality1_compon		items_components_subprocessor_compon.png
Subprocessor	2	978	3		subprocessor_quality2_compon		items_components_subprocessor_compon.png
Subprocessor	3	77	3		subprocessor_quality3_compon		items_components_subprocessor_compon.png
Subprocessor	4	83	3		subprocessor_quality4_compon		items_components_subprocessor_compon.png
Sensor	0	60	3		sensor_compon		items_components_sensor_compon.png
Sensor	1	153	3		sensor_quality1_compon		items_components_sensor_compon.png
Sensor	2	1175	3		sensor_quality2_compon		items_components_sensor_compon.png
Sensor	3	20	3		sensor_quality3_compon		items_components_sensor_compon.png
Sensor	4	3	3		sensor_quality4_compon		items_components_sensor_compon.png
Interlink	0	599	3		interlink_compon		items_components_interlink_compon.png
Interlink	1	162	3		interlink_quality1_compon		items_components_interlink_compon.png
Interlink	2	1081	3		interlink_quality2_compon		items_components_interlink_compon.png
Interlink	3	922	3		interlink_quality3_compon		items_components_interlink_compon.png
Interlink	4	9	3		interlink_quality4_compon		items_components_interlink_compon.png
Relay	0	69	3		relay_compon		items_components_relay_compon.png
Relay	1	1113	3		relay_quality1_compon		items_components_relay_compon.png
Relay	2	1457	3		relay_quality2_compon		items_components_relay_compon.png
Relay	3	46	3		relay_quality3_compon		items_components_relay_compon.png
Relay	4	4	3		relay_quality4_compon		items_components_relay_compon.png
Emitter Crystal	0	75	3		emitter_crystal_compon		items_components_emitter_crystal_compon.png
Emitter Crystal	1	283	3		emitter_crystal_quality1_compon		items_components_emitter_crystal_compon.png
Emitter Crystal	2	1220	3		emitter_crystal_quality2_compon		items_components_emitter_crystal_compon.png
Emitter Crystal	3	6	3		emitter_crystal_quality3_compon		items_components_emitter_crystal_compon.png
Emitter Crystal	4	2	3		emitter_crystal_quality4_compon		items_components_emitter_crystal_compon.png
Expansion Module	0	1629	3		expansion_module_compon		items_components_expansion_module_compon.png
Expansion Module	1	2259	3		expansion_module_quality1_compon		items_components_expansion_module_compon.png
Expansion Module	2	2477	3		expansion_module_quality2_compon		items_components_expansion_module_compon.png
Expansion Module	3	2	3		expansion_module_quality3_compon		items_components_expansion_module_compon.png
Expansion Module	4	199	3		expansion_module_quality4_compon		items_components_expansion_module_compon.png
Starfleet Uniform Pattern	0	578	3		starfleet_uniform_pattern_compon		items_components_tng_uniform_grey_compon.png
Starfleet Uniform Pattern	1	632	3		starfleet_uniform_pattern_quality1_compon		items_components_tng_uniform_grey_compon.png
Starfleet Uniform Pattern	2	1239	3		starfleet_uniform_pattern_quality2_compon		items_components_tng_uniform_grey_compon.png
Starfleet Uniform Pattern	3	23	3		starfleet_uniform_pattern_quality3_compon		items_components_tng_uniform_grey_compon.png
Starfleet Uniform Pattern	4	30	3		starfleet_uniform_pattern_quality4_compon		items_components_tng_uniform_grey_compon.png
Synthesized Polymer	0	2133	3		replicator_ration_compon		items_equipment_synthesized_polymers_equipment.png
Synthesized Polymer	1	9	3		replicator_ration_quality1_compon		items_equipment_synthesized_polymers_equipment.png
Synthesized Polymer	2	1706	3		replicator_ration_quality2_compon		items_equipment_synthesized_polymers_equipment.png
Synthesized Polymer	3	3	3		replicator_ration_quality3_compon		items_equipment_synthesized_polymers_equipment.png
Furs	0	34	3		furs_compon		items_equipment_kazon_furs_equipment.png
Furs	1	6	3		furs_quality1_compon		items_equipment_kazon_furs_equipment.png
Furs	2	1300	3		furs_quality2_compon		items_equipment_kazon_furs_equipment.png
Furs	3	637	3		furs_quality3_compon		items_equipment_kazon_furs_equipment.png
Spices	0	5643	3		spices_compon		items_equipment_spices_equipment.png
Spices	1	68	3		spices_quality1_compon		items_equipment_spices_equipment.png
Spices	2	1748	3		spices_quality2_compon		items_equipment_spices_equipment.png
Spices	3	7	3		spices_quality3_compon		items_equipment_spices_equipment.png
Spices	4	17	3		spices_quality4_compon		items_equipment_spices_equipment.png
Gold-Pressed Latinum	0	914	3		gold_pressed_latinum_compon		items_components_gold_pressed_latinum_compon.png
Gold-Pressed Latinum	1	926	3		gold_pressed_latinum_quality1_compon		items_components_gold_pressed_latinum_compon.png
Gold-Pressed Latinum	2	674	3		gold_pressed_latinum_quality2_compon		items_components_gold_pressed_latinum_compon.png
Gold-Pressed Latinum	3	1	3		gold_pressed_latinum_quality3_compon		items_components_gold_pressed_latinum_compon.png
Gold-Pressed Latinum	4	65	3		gold_pressed_latinum_quality4_compon		items_components_gold_pressed_latinum_compon.png
Synthehol	2	39	3		synthehol_quality2_compon		items_equipment_glass_color_a_equipment.png
Database	0	4	3		database_compon		items_equipment_quantum_chronometer_equipment.png
Database	1	55	3		database_quality1_compon		items_equipment_quantum_chronometer_equipment.png
Database	2	34	3		database_quality2_compon		items_equipment_quantum_chronometer_equipment.png
Database	3	2	3		database_quality3_compon		items_equipment_quantum_chronometer_equipment.png
Incense	0	2993	3		incense_compon		items_equipment_incense_equipment.png
Incense	1	2671	3		incense_quality1_compon		items_equipment_incense_equipment.png
Incense	2	2365	3		incense_quality2_compon		items_equipment_incense_equipment.png
Incense	3	27	3		incense_quality3_compon		items_equipment_incense_equipment.png
Incense	4	5	3		incense_quality4_compon		items_equipment_incense_equipment.png
Clothing Pattern	0	68	3		clothing_pattern_compon		items_equipment_civilian_outfit_equipment.png
Clothing Pattern	1	653	3		clothing_pattern_quality1_compon		items_equipment_civilian_outfit_equipment.png
Clothing Pattern	2	2507	3		clothing_pattern_quality2_compon		items_equipment_civilian_outfit_equipment.png
Clothing Pattern	3	7	3		clothing_pattern_quality3_compon		items_equipment_civilian_outfit_equipment.png
Clothing Pattern	4	2	3		clothing_pattern_quality4_compon		items_equipment_civilian_outfit_equipment.png
Alcohol	0	5079	3		alcohol_compon		items_equipment_alcohol_generic_equipment.png
Alcohol	1	45	3		alcohol_quality1_compon		items_equipment_alcohol_generic_equipment.png
Alcohol	2	1545	3		alcohol_quality2_compon		items_equipment_alcohol_generic_equipment.png
Alcohol	3	56	3		alcohol_quality3_compon		items_equipment_alcohol_generic_equipment.png
Alcohol	4	14	3		alcohol_quality4_compon		items_equipment_alcohol_generic_equipment.png
Polyalloy	0	577	3		polyalloy_compon		items_components_polyalloy_compon.png
Polyalloy	1	975	3		polyalloy_quality1_compon		items_components_polyalloy_compon.png
Polyalloy	2	2283	3		polyalloy_quality2_compon		items_components_polyalloy_compon.png
Microconnector	0	4379	3		microconnector_compon		items_equipment_microconnector_equipment.png
Microconnector	1	44	3		microconnector_quality1_compon		items_equipment_microconnector_equipment.png
Microconnector	2	1412	3		microconnector_quality2_compon		items_equipment_microconnector_equipment.png
Microconnector	3	9	3		microconnector_quality3_compon		items_equipment_microconnector_equipment.png
Microconnector	4	1	3		microconnector_quality4_compon		items_equipment_microconnector_equipment.png
Authorization Code	0	3	2		authorization_code_quality0_equip	{"7":0,"8":4}	items_equipment_starfleet_authorization_code_equipment.png
Writing PADD	0	737	2		padd_stylus_23c1_quality0_equip	{"7":1,"8":3}	items_equipment_tos_padd_stylus_23c1_equipment.png
Starfleet Command Uniform	0	3	2		uniform_command_23c2_quality0_equip	{"6":2}	items_equipment_wok_uniform_command_23c2_equipment.png
Coffee	0	316	2		coffee_quality0_equip	{"6":2}	items_equipment_voy_hot_beverage_equipment.png
Identification Code	0	1	2		identification_code_quality0_equip	{"6":2}	items_equipment_starfleet_identification_code_equipment.png
Starfleet Command Uniform	3	1	2		uniform_command_24c2_quality3_equip	{"6":25}	items_equipment_gen_uniform_command_24c2_equipment.png
Starfleet Command Uniform	4	1	2		uniform_command_24c2_quality4_equip	{"6":50}	items_equipment_gen_uniform_command_24c2_equipment.png
Starfleet Command Vest	0	1	2		uniform_altcommand_22c1_quality0_equip	{"7":1,"8":3}	items_equipment_ent_uniform_altcommand_22c1_equipment.png
Starfleet Command Wrap	1	1	2		uniform_altcommand_23c1_quality1_equip	{"7":3,"8":7}	items_equipment_tos_uniform_altcommand_23c1_equipment.png
Starfleet Command Wrap	2	1	2		uniform_altcommand_23c1_quality2_equip	{"7":6,"8":14}	items_equipment_tos_uniform_altcommand_23c1_equipment.png
Starfleet Command Wrap	3	1	2		uniform_altcommand_23c1_quality3_equip	{"7":16,"8":34}	items_equipment_tos_uniform_altcommand_23c1_equipment.png
Starfleet Command Jacket	3	3	2		uniform_altcommand_24c1_quality3_equip	{"7":16,"8":34}	items_equipment_tng_uniform_altcommand_24c1_equipment.png
Starfleet Sleeveless Undershirt	0	1	2		uniform_altcommand_24c2_quality0_equip	{"7":1,"8":3}	items_equipment_voy_uniform_altcommand_24c2_equipment.png
Starfleet Sleeveless Undershirt	2	1	2		uniform_altcommand_24c2_quality2_equip	{"7":6,"8":14}	items_equipment_voy_uniform_altcommand_24c2_equipment.png
First Contact Protocol	0	1	2		first_contact_protocol_quality0_equip	{"18":2}	items_equipment_starfleet_firstcontact_protocol_equipment.png
Starfleet Diplomacy Uniform	1	1	2		uniform_diplomacy_22c1_quality1_equip	{"18":5}	items_equipment_ent_uniform_diplomacy_22c1_equipment.png
Communicator	0	773	2		communicator_23c1_quality0_equip	{"18":2}	items_equipment_tos_communicator_23c1_equipment.png
Starfleet Diplomacy Uniform	1	1	2		uniform_diplomacy_23c1_quality1_equip	{"18":5}	items_equipment_tos_diplomacy_uniform_23c1_equipment.png
Starfleet Diplomacy Uniform	2	1	2		uniform_diplomacy_23c1_quality2_equip	{"18":10}	items_equipment_tos_diplomacy_uniform_23c1_equipment.png
Combadge	0	1977	2		combadge_24c2_quality0_equip	{"18":2}	items_equipment_ds9_combadge_24c2_equipment.png
Starfleet Diplomacy Uniform	3	2	2		uniform_diplomacy_24c1_quality3_equip	{"18":25}	items_equipment_tng_uniform_diplomacy_24c1_equipment.png
Starfleet Diplomacy Uniform	1	1	2		uniform_diplomacy_24c2_quality1_equip	{"18":5}	items_equipment_gen_uniform_command_24c2_equipment.png
Starfleet Diplomacy Uniform	2	1	2		uniform_diplomacy_24c2_quality2_equip	{"18":10}	items_equipment_gen_uniform_command_24c2_equipment.png
Communicator	0	1	2		communicator_22c1_quality0_equip	{"18":2}	items_equipment_ent_communicator_22c1_equipment.png
Combadge	0	11	2		combadge_24c1_quality0_equip	{"18":2}	items_equipment_tng_combadge_24c1_equipment.png
Diplomatic Dress Uniform	2	3	2		uniform_altdiplomacy_24c1_quality2_equip	{"19":6,"20":14}	items_equipment_tng_uniform_altdiplomacy_24c1_equipment.png
Plasma Torch	0	10	2		plasma_torch_quality0_equip	{"2":2}	items_equipment_plasma_torch_equipment.png
Hyperspanner	0	27	2		hyperspanner_24c1_quality0_equip	{"2":2}	items_equipment_tng_hyperspanner_24c1_equipment.png
Starfleet Engineering Uniform	0	1	2		uniform_engineering_24c2_quality0_equip	{"2":2}	items_equipment_gen_uniform_security_24c2_equipment.png
Isolinear Rod	0	3	2		isolinear_rod_quality0_equip	{"23":0,"24":4}	items_equipment_isolinear_rod_equipment.png
Quantum Flux Regulator	0	5	2		quantum_flux_regulator_quality0_equip	{"3":1,"4":3}	items_equipment_quantum_flux_regulator_equipment.png
Engineering Suit	0	2	2		uniform_altengineering_24c1_quality0_equip	{"3":1,"4":3}	items_equipment_tng_uniform_altengineering_24c1_equipment.png
Micro-Resonator	0	111	2		microresonator_quality0_equip	{"3":0,"4":4}	items_equipment_microresonator_equipment.png
Micro-Optic Drill	0	776	2		microoptic_drill_quality0_equip	{"9":15}	items_equipment_micro_optic_drill_equipment.png
Security Codes	0	328	2		security_codes_quality0_equip	{"22":2}	items_equipment_starfleet_security_code_equipment.png
Phaser Type 2	0	865	2		phaser_type2_24c1_quality0_equip	{"23":1,"24":3}	items_equipment_tng_phaser_type_2_24c1_equipment.png
Phaser Type 1	0	1048	2		phaser_type1_24c3_quality0_equip	{"22":2}	items_equipment_tng_phaser_type1_24c1_equipment.png
Phaser Type 3	0	3881	2		phaser_type3_23c2_quality0_equip	{"22":2}	items_equipment_tos_phaser_type_3_23c1_equipment.png
Covert Ops Outfit	0	3	2		uniform_altsecurity_24c1_quality0_equip	{"23":1,"24":3}	items_equipment_tng_uniform_covertops_altsecurity_24c1_equipment.png
Tricorder	0	464	2		tricorder_23c1_quality0_equip	{"14":2}	items_equipment_tos_tricorder_23c1_equipment.png
Starfleet Science Uniform	2	1	2		uniform_science_23c1_quality2_equip	{"14":10}	items_equipment_tos_uniform_science_23c1_equipment.png
Quantum Chronometer	0	1163	2		quantum_chronometer_quality0_equip	{"14":2}	items_equipment_quantum_chronometer_equipment.png
Medical Scanner	0	1560	2		medical_scanner_23c1_quality0_equip	{"26":2}	items_equipment_mecial_scanner_equipment.png
Dermal Regenerator	0	123	2		dermal_regenerator_24c1_quality0_equip	{"27":0,"28":4}	items_equipment_dermal_regenerator_24c1_equipment.png
Hypospray	0	445	2		hypospray_24c1_quality0_equip	{"26":2}	items_equipment_tng_hypospray_24c1_equipment.png
Cortical Stimulator	0	27	2		cortical_stimulator_quality0_equip	{"27":1,"28":3}	items_equipment_cortical_stimulator_equipment.png
Hypospray	0	12	2		hypospray_23c1_quality0_equip	{"26":2}	items_equipment_tos_hypospray_23c1_equipment.png
TR-580 Medical Tricorder	0	275	2		medical_tricorder_24c1_quality0_equip	{"26":2}	items_equipment_tng_medical_tricorder_tr580_24c1_equipment.png
Cortical Monitor	0	3	2		cortical_monitor_quality0_equip	{"9":15}	items_equipment_neurocortical_monitor_equipment.png
EM Pistol	0	100	2		em_pistol_quality0_equip	{"22":2}	items_equipment_em_pistol_equipment.png
EM Pistol	2	2	2		em_pistol_quality2_equip	{"22":10}	items_equipment_em_pistol_equipment.png
Phaser Type 1	0	5	2		phaser_type1_24c1_quality0_equip	{"11":10}	items_equipment_tng_phaser_type1_24c1_equipment.png
Phaser Type 1	1	82	2		phaser_type1_24c1_quality1_equip	{"11":25}	items_equipment_tng_phaser_type1_24c1_equipment.png
Phaser Type 1	2	1584	2		phaser_type1_24c1_quality2_equip	{"11":50}	items_equipment_tng_phaser_type1_24c1_equipment.png
Archer's Phase Pistol	2	1	2		archers_phase_pistol_quality2_equip	{"12":30,"23":4,"24":10}	items_equipment_flip_phase_pistol_equipment.png
Phase Pistol	1	25	2		phase_pistol_quality1_equip	{"22":2,"23":1,"24":5}	items_equipment_phase_pistol_equipment.png
Boy Scout Badge	1	189	2		boy_scout_badge_quality1_equip	{"3":1,"4":5,"9":15}	items_equipment_boy_scout_badge_equipment.png
Phaser Type 2	0	550	2		phaser_type2_23c1_quality0_equip	{"23":1,"24":3}	items_equipment_tos_phaser_type2_23c1_equipment.png
Phaser Type 2	0	3803	2		phaser_type2_23c2_quality0_equip	{"9":15}	items_equipment_wok_phaser_type_2_23c2_equipment.png
Phaser Type 2	3	1	2		phaser_type2_24c1_quality3_equip	{"23":16,"24":34}	items_equipment_tng_phaser_type_2_24c1_equipment.png
Phaser Type 2	0	976	2		phaser_type2_24c3_quality0_equip	{"23":1,"24":3}	items_equipment_tng_phaser_type_2_24c3_equipment.png
Plasma Rifle	0	671	2		plasma_rifle_quality0_equip	{"12":10}	items_equipment_plasma_rifle_equipment.png
Phaser Type 3	0	714	2		phaser_type3_23c1_quality0_equip	{"22":2}	items_equipment_tos_phaser_type_3_23c1_equipment.png
Phaser Type 3	0	1259	2		phaser_type3_24c1_quality0_equip	{"22":2}	items_equipment_tng_phaser_type_3_24c1_equipment.png
Phaser Type 3	2	1	2		phaser_type3_24c1_quality2_equip	{"22":3,"23":1,"24":5}	items_equipment_tng_phaser_type_3_24c1_equipment.png
Phaser Type 3	3	1	2		phaser_type3_24c1_quality3_equip	{"22":15,"23":5,"24":15}	items_equipment_tng_phaser_type_3_24c1_equipment.png
Phaser Type 3	0	6	2		phaser_type3_24c2_quality0_equip	{"23":0,"24":4}	items_equipment_fco_phaser_type_3_24c2_equipment.png
Photon Grenade	0	539	2		photon_grenade_quality0_equip	{"12":10}	items_equipment_stun_grenade_equipment.png
Particle Rifle	0	405	2		particle_rifle_quality0_equip	{"23":0,"24":4}	items_equipment_particle_rifle_equipment.png
Stun Grenade	0	465	2		stun_grenade_quality0_equip	{"23":0,"24":4}	items_equipment_stun_grenade_equipment.png
Science Experiment	0	6	2		science_experiment_quality0_equip	{"15":0,"16":4}	items_equipment_ethnobotany_experiment_equipment.png
Antigen Bomb	2	1	2		antigen_bomb_quality2_equip	{"12":30,"15":0,"16":4,"23":0,"24":4}	items_equipment_antigen_bomb_equipment.png
Compression Rifle	0	55	2		compression_rifle_24c2_quality0_equip	{"22":2}	items_equipment_compression_rifle_24c1_equipment.png
Phaser Rifle	0	135	2		eva_rifle_24c1_quality0_equip	{"12":10}	items_equipment_eva_compression_rifle_24c3_equip.png
Palm Beacon	0	204	2		palm_beacon_quality0_equip	{"22":2}	items_equipment_palm_beacon_equipment.png
Emergency Transporter Armband	0	337	2		emergency_transporter_armband_quality0_equip	{"23":0,"24":4}	items_equipment_emergency_transporter_armband_equipment.png
Hyperspanner	0	2	2		hyperspanner_22c1_quality0_equip	{"2":2}	items_equipment_ent_hyperspanner_22c1_equipment.png
Sonic Driver	0	7	2		sonic_driver_quality0_equip	{"2":2}	items_equipment_sonic_driver_equipment.png
Sonic Driver	1	1	2		sonic_driver_quality1_equip	{"2":5}	items_equipment_sonic_driver_equipment.png
Sonic Driver	2	1	2		sonic_driver_quality2_equip	{"2":10}	items_equipment_sonic_driver_equipment.png
Sonic Driver	3	1	2		sonic_driver_quality3_equip	{"2":25}	items_equipment_sonic_driver_equipment.png
EJ-7 Interlock	0	352	2		interlock_quality0_equip	{"2":2}	items_equipment_ej7_interlock_equipment.png
Interphasic Coil Spanner	0	3	2		interphasic_coil_spanner_quality0_equip	{"2":2}	items_equipment_interphasic_coil_spanner_equipment.png
Phase Coil Resonator	0	1	2		phase_coil_resonator_quality0_equip	{"3":1,"4":3}	items_equipment_phase_coil_resonator_equipment.png
Phase Coil Resonator	1	1	2		phase_coil_resonator_quality1_equip	{"3":3,"4":7}	items_equipment_phase_coil_resonator_equipment.png
Quantum Flux Regulator	1	1	2		quantum_flux_regulator_quality1_equip	{"3":3,"4":7}	items_equipment_quantum_flux_regulator_equipment.png
Decoupler	0	327	2		decoupler_quality0_equip	{"3":1,"4":3}	items_equipment_decoupler_equipment.png
Isomodulator	0	560	2		isomodulator_quality0_equip	{"3":1,"4":3}	items_equipment_isomodulator_equipment.png
Parametric Scanner	0	1	2		parametric_scanner_quality0_equip	{"11":5}	items_equipment_parametric_scanner_equipment.png
Submicron Scanner	0	1	2		submicron_scanner_quality0_equip	{"12":10}	items_equipment_submicron_scanner_equipment.png
Submicron Scanner	1	1	2		submicron_scanner_quality1_equip	{"12":25}	items_equipment_submicron_scanner_equipment.png
Submicron Scanner	2	1	2		submicron_scanner_quality2_equip	{"12":50}	items_equipment_submicron_scanner_equipment.png
Submicron Scanner	3	1	2		submicron_scanner_quality3_equip	{"12":100}	items_equipment_submicron_scanner_equipment.png
Duotronic Probe	0	138	2		duotronic_probe_quality0_equip	{"3":0,"4":4}	items_equipment_duotronic_probe_equipment.png
Gravitic Caliper	0	118	2		gravitic_caliper_quality0_equip	{"2":2}	items_equipment_graviitic_caliper_equipment.png
Gravitic Caliper	4	2	2		gravitic_caliper_quality4_equip	{"2":50}	items_equipment_graviitic_caliper_equipment.png
Wrench	0	841	2		wrench_quality0_equip	{"9":15}	items_equipment_wrench_equipment.png
Scotty's Wrench	3	1	2		scottys_wrench_quality3_equip	{"9":100,"11":10,"12":30}	items_equipment_wrench_equipment.png
Radiation Collector	0	401	2		radiation_collector_quality0_equip	{"10":15}	items_equipment_radiation_collector_equipment.png
ODN Recoupler	0	274	2		odn_recoupler_quality0_equip	{"3":0,"4":4}	items_equipment_odn_recoupler_equipment.png
Flux Coupler	0	13	2		flux_coupler_quality0_equip	{"3":0,"4":4}	items_equipment_flux_coupler_equipment.png
Flux Coupler	1	1	2		flux_coupler_quality1_equip	{"3":1,"4":9}	items_equipment_flux_coupler_equipment.png
Flux Coupler	2	1	2		flux_coupler_quality2_equip	{"3":3,"4":17}	items_equipment_flux_coupler_equipment.png
EPI Capacitor	0	149	2		epi_capacitor_quality0_equip	{"3":0,"4":4}	items_equipment_epi_capacitor_equipment.png
Hand Scanner	0	162	2		hand_scanner_22c1_quality0_equip	{"14":2}	items_equipment_hand_scanner_equipment.png
Tricorder Mark VII	0	546	2		tricorder_markvii_24c1_quality0_equip	{"14":2}	items_equipment_tng_tricorder_markvii_equipment.png
Tricorder Mark VII	1	1	2		tricorder_markvii_24c1_quality1_equip	{"14":5}	items_equipment_tng_tricorder_markvii_equipment.png
TR-590 Tricorder X	0	5	2		tricorder_x_24c1_quality0_equip	{"14":2}	items_equipment_tricorder_markx_equipment.png
TR-590 Tricorder X	2	1	2		tricorder_x_24c1_quality2_equip	{"14":10}	items_equipment_tricorder_markx_equipment.png
TR-590 Tricorder X	3	1	2		tricorder_x_24c1_quality3_equip	{"14":25}	items_equipment_tricorder_markx_equipment.png
Heavy Scanner	0	454	2		heavy_scanner_22c1_quality0_equip	{"9":15}	items_equipment_heavy_scanner_equipment.png
Wrist Tricorder	4	1	2		wrist_tricorder_24c1_quality4_equip	{"15":33,"16":67}	items_equipment_ins_wrist_tricorder_24c1_equipment.png
Mass Spectrometer	0	87	2		mass_spectrometer_quality0_equip	{"14":2}	items_equipment_mass_spectrometer_equipment.png
Mass Spectrometer	1	1	2		mass_spectrometer_quality1_equip	{"14":5}	items_equipment_mass_spectrometer_equipment.png
Interphasic Scanner	0	115	2		interphasic_scanner_quality0_equip	{"14":2}	items_equipment_interphasic_scanner_equipment.png
Spectral Micrometer	0	9	2		spectral_micrometer_quality0_equip	{"15":1,"16":3}	items_equipment_spectral_micrometer_equipment.png
Spectral Micrometer	1	1	2		spectral_micrometer_quality1_equip	{"15":3,"16":7}	items_equipment_spectral_micrometer_equipment.png
Gravimetric Scanner	0	6	2		gravimetric_scanner_quality0_equip	{"14":2}	items_equipment_gravimetric_scanner_equipment.png
Gravimetric Scanner	1	1	2		gravimetric_scanner_quality1_equip	{"14":5}	items_equipment_gravimetric_scanner_equipment.png
Variable Field Damper	0	2	2		variable_field_damper_quality0_equip	{"15":0,"16":4}	items_equipment_variable_field_damper_equipment.png
Magnasite-Nitron Tablet	0	6	2		magnasite_nitron_tablet_quality0_equip	{"15":0,"16":4}	items_equipment_magnasite_nitron_tablet_equipment.png
Magnasite-Nitron Tablet	2	1	2		magnasite_nitron_tablet_quality2_equip	{"15":3,"16":17}	items_equipment_magnasite_nitron_tablet_equipment.png
Quantum Oscillator	0	2	2		quantum_oscillator_quality0_equip	{"15":0,"16":4}	items_equipment_quantum_resonance_oscillator_equipment.png
Graviton Emitter	0	412	2		graviton_emitter_quality0_equip	{"15":0,"16":4}	items_equipment_graviton_emitter_equipment.png
Quantum Phase Regulator	0	528	2		quantum_phase_regulator_quality0_equip	{"15":0,"16":4}	items_equipment_quantum_phase_regulator_equipment.png
Medical Scanner	0	3532	2		medical_scanner_22c1_quality0_equip	{"26":2}	items_equipment_mecial_scanner_equipment.png
TR-580 Medical Tricorder	1	2	2		medical_tricorder_24c1_quality1_equip	{"26":5}	items_equipment_tng_medical_tricorder_tr580_24c1_equipment.png
TR-580 Medical Tricorder	2	1	2		medical_tricorder_24c1_quality2_equip	{"26":10}	items_equipment_tng_medical_tricorder_tr580_24c1_equipment.png
TR-580 Medical Tricorder	3	1	2		medical_tricorder_24c1_quality3_equip	{"26":25}	items_equipment_tng_medical_tricorder_tr580_24c1_equipment.png
Detronal Scanner	0	260	2		detronal_scanner_quality0_equip	{"10":15}	items_equipment_polarity_scanner_equipment.png
Autosuture	0	518	2		autosuture_quality0_equip	{"27":0,"28":4}	items_equipment_autosuture_equipment.png
Physiostimulator	0	512	2		physiostimulator_quality0_equip	{"27":0,"28":4}	items_equipment_physiostimulator_equipment.png
Physiostimulator	3	1	2		physiostimulator_quality3_equip	{"27":10,"28":40}	items_equipment_physiostimulator_equipment.png
Bone-Knitting Laser	0	456	2		boneknitting_laser_quality0_equip	{"27":0,"28":4}	items_equipment_boneknitting_laser_equipment.png
Bone-Knitting Laser	2	1	2		boneknitting_laser_quality2_equip	{"27":3,"28":17}	items_equipment_boneknitting_laser_equipment.png
Laser Scalpel	0	72	2		laser_scalpel_quality0_equip	{"11":5}	items_equipment_laser_scalpel_equipment.png
Cortical Stimulator	2	6	2		cortical_stimulator_quality2_equip	{"27":6,"28":14}	items_equipment_cortical_stimulator_equipment.png
Communicator	1	1	2		communicator_22c1_quality1_equip	{"18":5}	items_equipment_ent_communicator_22c1_equipment.png
Combadge	1	1	2		combadge_24c1_quality1_equip	{"18":5}	items_equipment_tng_combadge_24c1_equipment.png
Combadge	3	1	2		combadge_24c1_quality3_equip	{"18":25}	items_equipment_tng_combadge_24c1_equipment.png
Combadge	2	219	2		combadge_24c2_quality2_equip	{"18":10}	items_equipment_ds9_combadge_24c2_equipment.png
Laser Beacon	0	105	2		laser_beacon_quality0_equip	{"19":1,"20":3}	items_equipment_tos_laser_beacon_equipment.png
Emergency Transponder	0	351	2		emergency_transponder_quality0_equip	{"19":1,"20":3}	items_equipment_emergency_transmitter_equipment.png
Pattern Enhancer	0	77	2		pattern_enhancer_quality0_equip	{"9":15}	items_equipment_pattern_enhancer_equipment.png
Pattern Enhancer	1	1147	2		pattern_enhancer_quality1_equip	{"9":40}	items_equipment_pattern_enhancer_equipment.png
Pattern Enhancer	2	198	2		pattern_enhancer_quality2_equip	{"9":75}	items_equipment_pattern_enhancer_equipment.png
Translator	0	492	2		translator_23c1_quality0_equip	{"18":2}	items_equipment_tos_translator_stick_23c1_equipment.png
Earpiece	0	3238	2		earpiece_quality0_equip	{"18":2}	items_equipment_uhura_earpiece_equipment.png
Translation Algorithm	0	5	2		translation_algorithm_quality0_equip	{"18":2}	items_equipment_translaton_algorithm_equipment.png
Translation Algorithm	1	1	2		translation_algorithm_quality1_equip	{"18":3,"19":1,"20":3}	items_equipment_translaton_algorithm_equipment.png
Translation Algorithm	2	1	2		translation_algorithm_quality2_equip	{"18":7,"19":1,"20":5}	items_equipment_translaton_algorithm_equipment.png
Translation Algorithm	4	1	2		translation_algorithm_quality4_equip	{"18":30,"19":15,"20":25}	items_equipment_translaton_algorithm_equipment.png
First Contact Protocol	2	218	2		first_contact_protocol_quality2_equip	{"18":10}	items_equipment_starfleet_firstcontact_protocol_equipment.png
Authorization Code	1	628	2		authorization_code_quality1_equip	{"7":1,"8":9}	items_equipment_starfleet_authorization_code_equipment.png
First Contact Protocol	3	1	2		first_contact_protocol_quality3_equip	{"18":25}	items_equipment_starfleet_firstcontact_protocol_equipment.png
Kurlan Naiskos	0	271	2		kurlan_naiskos_quality0_equip	{"19":0,"20":4}	items_equipment_kurlan_naiskos_equipment.png
Writing PADD	0	186	2		padd_stylus_22c1_quality0_equip	{"7":1,"8":3}	items_equipment_ent_padd_stylus_22c1_equipment.png
Writing PADD	3	2	2		padd_stylus_22c1_quality3_equip	{"7":16,"8":34}	items_equipment_ent_padd_stylus_22c1_equipment.png
Writing PADD	0	14	2		padd_stylus_24c1_quality0_equip	{"7":1,"8":3}	items_equipment_tng_padd_stylus_24c1_equipment.png
Writing PADD	0	58	2		padd_stylus_24c3_quality0_equip	{"7":1,"8":3}	items_equipment_ds9_padd_stylus_24c3_equipment.png
Writing PADD	1	704	2		padd_stylus_24c3_quality1_equip	{"7":3,"8":7}	items_equipment_ds9_padd_stylus_24c3_equipment.png
Writing PADD	2	206	2		padd_stylus_24c3_quality2_equip	{"7":6,"8":14}	items_equipment_ds9_padd_stylus_24c3_equipment.png
Desktop Monitor	0	56	2		desktop_monitor_22c1_quality0_equip	{"6":2}	items_equipment_ent_desktop_monitor_22c1_equipment.png
Desktop Monitor	0	74	2		desktop_monitor_23c1_quality0_equip	{"6":2}	items_equipment_tos_desktop_monitor_23c1_equipment.png
Desktop Monitor	0	2	2		desktop_monitor_24c2_quality0_equip	{"6":2,"8":3}	items_equipment_voy_desktop_monitor_24c2_equipment.png
Authorization Code	2	381	2		authorization_code_quality2_equip	{"7":3,"8":17}	items_equipment_starfleet_authorization_code_equipment.png
Authorization Code	4	1	2		authorization_code_quality4_equip	{"7":25,"8":75}	items_equipment_starfleet_authorization_code_equipment.png
Mek'leth	0	180	2		mekleth_quality0_equip	{"12":10}	items_equipment_mekleth_equipment.png
Gagh	1	45	2		gagh_quality1_equip	{"7":1,"8":9,"18":5}	items_equipment_gagh_equipment.png
D'k tahg	1	21	2		dk_tahg_quality1_equip	{"7":1,"8":5,"23":1,"24":3}	items_equipment_dktahg_equipment.png
D'k tahg	2	98	2		dk_tahg_quality2_equip	{"7":4,"8":10,"23":1,"24":5}	items_equipment_dktahg_equipment.png
Gagh	3	1	2		gagh_quality3_equip	{"7":10,"8":40,"18":25}	items_equipment_gagh_equipment.png
Klingon Baldric	0	134	2		klingon_baldric_quality0_equip	{"6":2}	items_equipment_klingon_baldric_equipment.png
Bloodwine	0	934	2		bloodwine_quality0_equip	{"7":0,"8":4,"19":0,"20":4}	items_equipment_bloodwine_equipment.png
Klingon House Crest	2	38	2		klingon_house_crest_quality2_equip	{"7":6,"8":14,"19":6,"20":14}	items_equipment_klingon_house_crest_equipment.png
Klingon Warnog	1	68	2		klingon_warnog_quality1_equip	{"9":25,"11":3}	items_equipment_klingon_warnog_equipment.png
Great Material Continuum Texts	2	76	2		great_material_continuum_texts_quality2_equip	{"18":10}	items_equipment_great_material_continuum_text_equipment.png
Raktajino	1	239	2		raktajino_quality1_equip	{"7":1,"8":5,"19":1,"20":9}	items_equipment_raktajino_equipment.png
Raktajino	2	105	2		raktajino_quality2_equip	{"7":4,"8":10,"19":3,"20":17}	items_equipment_raktajino_equipment.png
Seven's Suit	0	2	2		sevens_suit_quality0_equip	{"15":0,"16":4}	items_equipment_sevens_suit_equipment.png
Seven's Suit	2	2	2		sevens_suit_quality2_equip	{"3":4,"4":10,"15":3,"16":17}	items_equipment_sevens_suit_equipment.png
Borg Exo-Plating	1	7	2		borg_exo_plating_quality1_equip	{"22":2,"23":1,"24":5}	items_equipment_borg_exo_plating_equipment.png
3d Chess Set	1	1345	2		3d_chess_set_quality1_equip	{"7":1,"8":3,"19":1,"20":3}	items_equipment_3d_chess_set_equipment.png
Coffee	1	3	2		coffee_quality1_equip	{"6":5}	items_equipment_voy_hot_beverage_equipment.png
3d Chess Set	4	1	2		3d_chess_set_quality4_equip	{"7":20,"8":25,"19":20,"20":25}	items_equipment_3d_chess_set_equipment.png
Saurian Brandy	0	37	2		saurian_brandy_quality0_equip	{"19":0,"20":4}	items_equipment_glass_color_b_equipment.png
Cardassian Encryption Algorithm	0	3	2		cardassian_encryption_algorithm_quality0_equip	{"23":0,"24":4}	items_equipment_encryption_algorithm_generic_equipment.png
Cardassian Encryption Algorithm	1	106	2		cardassian_encryption_algorithm_quality1_equip	{"23":1,"24":9}	items_equipment_encryption_algorithm_generic_equipment.png
Linguistic Database	1	1	2		linguistic_database_quality1_equip	{"18":3,"19":1,"20":3}	items_equipment_ent_padd_stylus_22c1_equipment.png
Security Codes	2	28	2		security_codes_quality2_equip	{"22":10}	items_equipment_starfleet_security_code_equipment.png
Section 31 Encryption Algorithm	0	1	2		section_31_encryption_algorithm_quality0_equip	{"23":0,"24":4}	items_equipment_section_31_encryption_algorithm_equipment.png
Encoded Communique	0	213	2		encoded_communique_quality0_equip	{"10":15}	items_equipment_encryption_algorithm_generic_equipment.png
Section 31 Encryption Algorithm	2	1	2		section_31_encryption_algorithm_quality2_equip	{"23":3,"24":17}	items_equipment_section_31_encryption_algorithm_equipment.png
Kazon Furs	0	55	2		kazon_furs_quality0_equip	{"6":1}	items_equipment_kazon_furs_equipment.png
Kazon Furs	1	63	2		kazon_furs_quality1_equip	{"6":3,"7":1,"8":3}	items_equipment_kazon_furs_equipment.png
Seska's Furs	3	8	2		seskas_furs_quality3_equip	{"6":7,"7":10,"8":20,"11":10}	items_equipment_seska_fur_equipment.png
Maquis Encryption Algorithm	2	1	2		maquis_encryption_algorithm_quality2_equip	{"6":3,"23":4,"24":10}	items_equipment_maquis_encryption_equipment.png
Kazon Name	0	125	2		kazon_name_quality0_equip	{"7":1,"8":3}	items_equipment_kazon_name_equipment.png
Kazon Disruptor Pistol	1	111	2		kazon_disruptor_pistol_quality1_equip	{"22":2,"23":1,"24":5}	items_equipment_kazon_disruptor_pistol_equipment.png
Kazon Disruptor Pistol	0	103	2		kazon_disruptor_pistol_quality0_equip	{"22":1}	items_equipment_kazon_disruptor_pistol_equipment.png
Transporter Control Module	0	5	2		transporter_control_module_quality0_equip	{"2":2}	items_equipment_transporter_controle_module_equipment.png
Mayweather's Boomer Outfit	2	1	2		mayweathers_boomer_outfit_quality2_equip	{"3":1,"4":5,"6":7,"7":1,"8":5}	items_equipment_civilian_outfit_equipment.png
Astrometric Chart	1	297	2		astrometric_chart_quality1_equip	{"14":3,"15":1,"16":3}	items_equipment_astrometric_chart_equipment.png
Astrometric Chart	2	905	2		astrometric_chart_quality2_equip	{"14":7,"15":1,"16":5}	items_equipment_astrometric_chart_equipment.png
Astrometric Chart	3	1	2		astrometric_chart_quality3_equip	{"14":15,"15":5,"16":15}	items_equipment_astrometric_chart_equipment.png
Rules of Acquisition	0	42	2		rules_of_acquisition_quality0_equip	{"6":2,"18":2}	items_equipment_ferengi_script_equipment.png
Ferengi PADD	0	105	2		ferengi_padd_quality0_equip	{"7":1,"8":3}	items_equipment_ferengi_padd_equipment.png
Ferengi Trade By-Laws	1	64	2		ferengi_trade_by_laws_quality1_equip	{"7":1,"8":3,"22":3}	items_equipment_ferengi_padd_equipment.png
Great Material Continuum Texts	1	124	2		great_material_continuum_texts_quality1_equip	{"18":5}	items_equipment_great_material_continuum_text_equipment.png
Ferengi Trade By-Laws	2	18	2		ferengi_trade_by_laws_quality2_equip	{"7":1,"8":5,"22":7}	items_equipment_ferengi_padd_equipment.png
Latinum Tooth Sharpener	1	122	2		latinum_tooth_sharpener_quality1_equip	{"18":2,"19":1,"20":5}	items_equipment_latinum_tooth_sharpener_equipment.png
Latinum Tooth Sharpener	2	47	2		latinum_tooth_sharpener_quality2_equip	{"18":3,"19":4,"20":10}	items_equipment_latinum_tooth_sharpener_equipment.png
Bat'leth	1	132	2		batleth_quality1_equip	{"23":1,"24":9}	items_equipment_batleth_equipment.png
Klingon Warnog	2	12	2		klingon_warnog_quality2_equip	{"9":50,"11":5}	items_equipment_klingon_warnog_equipment.png
Worf's D'k tahg	3	1	2		worfs_dk_tahg_quality3_equip	{"7":10,"8":20,"9":100}	items_equipment_flip_dktahg_equipment.png
Klingon Disruptor Pistol	0	95	2		klingon_disruptor_pistol_quality0_equip	{"22":2}	items_equipment_wok_klingon_disruptor_pistol_23c1_equipment.png
Klingon Disruptor Pistol	2	1	2		klingon_disruptor_pistol_quality2_equip	{"22":10}	items_equipment_wok_klingon_disruptor_pistol_23c1_equipment.png
Klingon House Crest	1	145	2		klingon_house_crest_quality1_equip	{"7":3,"8":7,"19":3,"20":7}	items_equipment_klingon_house_crest_equipment.png
Poisoned Drink	0	56	2		poisoned_drink_quality0_equip	{"12":10}	items_equipment_poisoned_drink_equipment.png
House Duras Crest	2	1	2		house_duras_crest_quality2_equip	{"6":3,"11":10,"18":3}	items_equipment_klingon_house_crest_equipment.png
House Duras Crest	3	1	2		house_duras_crest_quality3_equip	{"6":7,"11":30,"18":7}	items_equipment_klingon_house_crest_equipment.png
House Duras Crest	4	1	2		house_duras_crest_quality4_equip	{"6":15,"11":60,"18":15}	items_equipment_klingon_house_crest_equipment.png
Gagh	0	1	2		gagh_quality0_equip	{"7":0,"8":4,"18":2}	items_equipment_gagh_equipment.png
Bloodwine	1	62	2		bloodwine_quality1_equip	{"7":1,"8":5,"19":1,"20":5,"23":1,"24":3}	items_equipment_bloodwine_equipment.png
Bloodwine	3	1	2		bloodwine_quality3_equip	{"7":10,"8":20,"19":10,"20":20,"23":5,"24":15}	items_equipment_bloodwine_equipment.png
Klingon Armor	0	152	2		klingon_armor_quality0_equip	{"22":2}	items_equipment_klingon_armor_kdf_equipment.png
Klingon Armor	1	141	2		klingon_armor_quality1_equip	{"22":3,"23":1,"24":3}	items_equipment_klingon_armor_kdf_equipment.png
Klingon Armor	2	90	2		klingon_armor_quality2_equip	{"22":7,"23":1,"24":5}	items_equipment_klingon_armor_kdf_equipment.png
Encoded Communique	2	296	2		encoded_communique_quality2_equip	{"10":75}	items_equipment_encryption_algorithm_generic_equipment.png
Covert Contacts	3	1	2		covert_contacts_quality3_equip	{"10":100,"11":20}	items_equipment_covert_contacts_equipment.png
Klingon Communicator	2	1	2		klingon_communicator_quality2_equip	{"18":7,"19":1,"20":5}	items_equipment_klingon_communicator_equipment.png
Romulan Encryption Algorithm	2	7	2		romulan_encryption_algorithm_quality2_equip	{"23":3,"24":17}	items_equipment_romulan_encryption_algorithum.png
Alexander's Knife	3	1	2		alexanders_knife_quality3_equip	{"6":7,"11":10,"23":10,"24":20}	items_equipment_flip_dktahg_equipment.png
Alexander's Armor	3	1	2		alexanders_armor_quality3_equip	{"2":10,"3":5,"4":15,"7":5,"8":15}	items_equipment_alexander_armor_equipment.png
Bajoran Earring	0	254	2		bajoran_earring_quality0_equip	{"7":1,"8":3,"12":10}	items_equipment_bajoran_earring_equipment.png
Bajoran Earring	2	95	2		bajoran_earring_quality2_equip	{"6":3,"7":4,"8":10,"12":50}	items_equipment_bajoran_earring_equipment.png
Tube Grubs	0	66	2		tube_grubs_quality0_equip	{"18":2}	items_equipment_tube_grubs_equipment.png
Tube Grubs	1	86	2		tube_grubs_quality1_equip	{"18":5}	items_equipment_tube_grubs_equipment.png
Tube Grubs	2	19	2		tube_grubs_quality2_equip	{"18":10}	items_equipment_tube_grubs_equipment.png
Slug-o-Cola	2	43	2		slug_o_cola_quality2_equip	{"19":3,"20":17}	items_equipment_rootbeer_equipment.png
Kanar	2	32	2		kanar_quality2_equip	{"7":6,"8":14,"19":3,"20":17}	items_equipment_kanar_equipment.png
Central Command Insignia	2	47	2		central_command_insignia_quality2_equip	{"7":6,"8":14,"19":6,"20":14}	items_equipment_cardassian_central_command_insignia_equipment.png
Tulaberry Wine	0	3	2		tulaberry_wine_quality0_equip	{"19":0,"20":4}	items_equipment_glass_color_a_equipment.png
Tulaberry Wine	1	574	2		tulaberry_wine_quality1_equip	{"18":2,"19":1,"20":5}	items_equipment_glass_color_a_equipment.png
Dominion Seal	2	8	2		dominion_seal_quality2_equip	{"6":7,"12":20}	items_equipment_dominion_seal_equipment.png
Rules of Acquisition	1	82	2		rules_of_acquisition_quality1_equip	{"6":3,"19":1,"20":3}	items_equipment_ferengi_script_equipment.png
Rules of Acquisition	2	130	2		rules_of_acquisition_quality2_equip	{"6":7,"19":1,"20":5}	items_equipment_ferengi_script_equipment.png
Rules of Acquisition	3	10	2		rules_of_acquisition_quality3_equip	{"6":15,"19":5,"20":15}	items_equipment_ferengi_script_equipment.png
Ferengi PADD	1	152	2		ferengi_padd_quality1_equip	{"7":1,"8":5,"23":1,"24":5}	items_equipment_ferengi_padd_equipment.png
Ferengi PADD	2	118	2		ferengi_padd_quality2_equip	{"7":4,"8":10,"23":4,"24":10}	items_equipment_ferengi_padd_equipment.png
Isolinear Rod	1	1	2		isolinear_rod_quality1_equip	{"23":1,"24":9}	items_equipment_isolinear_rod_equipment.png
Captain Proton's Flight Suit	3	1	2		captain_protons_flight_suit_quality3_equip	{"3":10,"4":20,"6":15}	items_equipment_captain_protons_flight_suit_equipment.png
Jet Pack	1	1	2		jet_pack_quality1_equip	{"23":1,"24":9}	items_equipment_jet_pack_equipment.png
Backpack	1	3	2		backpack_quality1_equip	{"9":25,"10":15}	items_equipment_backpack_equipment.png
Poker Cards	0	441	2		poker_cards_quality0_equip	{"9":15}	items_equipment_poker_cards_equipment.png
Poker Cards	1	298	2		poker_cards_quality1_equip	{"9":25,"10":15}	items_equipment_poker_cards_equipment.png
Riker's Lucky Deck	3	1	2		rikers_lucky_deck_quality3_equip	{"19":10,"20":40,"23":3,"24":17}	items_equipment_poker_cards_equipment.png
Toolbox	1	348	2		toolbox_quality1_equip	{"2":5}	items_equipment_tool_box_equipment.png
Maquis Security Outfit	0	120	2		maquis_security_outfit_quality0_equip	{"22":2}	items_equipment_maquis_security_equipment.png
Maquis Emblem	0	120	2		maquis_emblem_quality0_equip	{"10":15}	items_equipment_maquis_emblem_equipment.png
Maquis Pistol	1	157	2		maquis_pistol_quality1_equip	{"23":1,"24":9}	items_equipment_maquis_pistol_equipment.png
Maquis Emblem	1	118	2		maquis_emblem_quality1_equip	{"10":25,"11":3}	items_equipment_maquis_emblem_equipment.png
Maquis Command Outfit	0	61	2		maquis_command_outfit_quality0_equip	{"7":0,"8":4}	items_equipment_maquis_command_equipment.png
Maquis Pistol	2	162	2		maquis_pistol_quality2_equip	{"23":3,"24":17}	items_equipment_maquis_pistol_equipment.png
Text Book	0	13	2		text_book_quality0_equip	{"14":2}	items_equipment_textbook_generic_equipment.png
Klingonese Dictionary	1	1	2		klingonese_dictionary_quality1_equip	{"19":1,"20":9}	items_equipment_klingonese_dictionary_equipment.png
Klingonese Dictionary	2	1	2		klingonese_dictionary_quality2_equip	{"19":3,"20":17}	items_equipment_klingonese_dictionary_equipment.png
Central Command Insignia	0	135	2		central_command_insignia_quality0_equip	{"7":1,"8":3,"19":1,"20":3}	items_equipment_cardassian_central_command_insignia_equipment.png
Central Command Insignia	1	101	2		central_command_insignia_quality1_equip	{"7":3,"8":7,"19":3,"20":7}	items_equipment_cardassian_central_command_insignia_equipment.png
Cardassian PADD	1	64	2		cardassian_padd_quality1_equip	{"6":3,"7":1,"8":5}	items_equipment_cardassian_padd_equipment.png
Cardassian Communicator	0	124	2		cardassian_communicator_quality0_equip	{"6":1}	items_equipment_cardassian_communicator_equipment.png
Cardassian Communicator	2	49	2		cardassian_communicator_quality2_equip	{"6":7,"10":25}	items_equipment_cardassian_communicator_equipment.png
Cardassian Disruptor Pistol	0	97	2		cardassian_disruptor_pistol_quality0_equip	{"23":0,"24":4}	items_equipment_cardassian_disruptor_pistol_equipment.png
Cardassian Disruptor Pistol	1	120	2		cardassian_disruptor_pistol_quality1_equip	{"22":2,"23":1,"24":5}	items_equipment_cardassian_disruptor_pistol_equipment.png
Kotra	2	41	2		kotra_quality2_equip	{"12":50}	items_equipment_kotra_equipment.png
Field Rations	1	602	2		field_rations_quality1_equip	{"9":15,"23":1,"24":5}	items_equipment_field_rations_equipment.png
Neurocortical Monitor	0	421	2		neurocortical_monitor_quality0_equip	{"26":2}	items_equipment_neurocortical_monitor_equipment.png
Alpha-wave Inducer	0	389	2		alphawave_inducer_quality0_equip	{"27":0,"28":4}	items_equipment_alphawave_inducer_equipment.png
Brain Circuitry Pattern	2	1	2		brain_circuitry_pattern_quality2_equip	{"27":6,"28":14}	items_equipment_brain_circuitry_pattern_equipment.png
Earl Grey Tea	1	413	2		earl_grey_tea_quality1_equip	{"19":3,"20":7}	items_equipment_tng_hot_beverage_24c1_equipment.png
Earl Grey Tea	2	186	2		earl_grey_tea_quality2_equip	{"19":6,"20":14}	items_equipment_tng_hot_beverage_24c1_equipment.png
Novel	1	2	2		novel_quality1_equip	{"7":1,"8":5,"19":1,"20":5}	items_equipment_novel_equipment.png
Novel	2	6	2		novel_quality2_equip	{"7":4,"8":10,"19":4,"20":10}	items_equipment_novel_equipment.png
The Big Goodbye	3	1	2		the_big_goodbye_quality3_equip	{"7":10,"8":20,"9":50,"19":4,"20":10}	items_equipment_the_big_goodbye_holoprogram_equipment.png
Holoprogram	2	30	2		holoprogram_quality2_equip	{"10":75}	items_equipment_holostory_equipment.png
Prime Directive	1	25	2		prime_directive_quality1_equip	{"10":40}	items_equipment_prime_directive_equipment.png
Model Enterprise	3	1	2		model_enterprise_quality3_equip	{"19":16,"20":34}	items_equipment_model_enterprise_equipment.png
Prime Directive	2	703	2		prime_directive_quality2_equip	{"10":75}	items_equipment_prime_directive_equipment.png
Prime Directive	3	1	2		prime_directive_quality3_equip	{"10":150}	items_equipment_prime_directive_equipment.png
Artificial Heart	3	2	2		artificial_heart_quality3_equip	{"6":15,"14":15,"18":15}	items_equipment_artificial_heart_equipment.png
Medical Experiment	2	96	2		medical_experiment_quality2_equip	{"27":3,"28":17}	items_equipment_medical_experiment_equipment.png
Klingon Warnog	0	9	2		klingon_warnog_quality0_equip	{"9":15}	items_equipment_klingon_warnog_equipment.png
Klingon Stole	1	1	2		klingon_stole_quality1_equip	{"6":5}	items_equipment_klingon_stole_equipment.png
Recipe Book	1	1	2		recipe_book_quality1_equip	{"6":5}	items_equipment_recipe_book_equipment.png
Hoverball	0	3	2		hoverball_quality0_equip	{"11":10}	items_equipment_hoverball_equipment.png
Medical Experiment	1	262	2		medical_experiment_quality1_equip	{"27":1,"28":9}	items_equipment_medical_experiment_equipment.png
Geordi's Hyperspanner	4	2	2		geordis_hyperspanner_quality4_equip	{"2":30,"3":20,"4":40}	items_equipment_tng_hyperspanner_24c1_equipment.png
Geordi's Toolbox	4	1	2		geordis_toolbox_quality4_equip	{"3":20,"4":40,"12":70,"15":10,"16":20}	items_equipment_flip_tool_box_equipment.png
Odo's Occupation Uniform	0	2	2		odos_occupation_uniform_quality0_equip	{"9":15}	items_equipment_odo_occupation_uniform_equipment.png
Security Reports	0	316	2		security_reports_quality0_equip	{"23":1,"24":3}	items_equipment_tng_padd_24c2_equipment.png
Tactical Alert	1	111	2		tactical_alert_quality1_equip	{"6":2,"22":3}	items_equipment_tactical_alert_equipment.png
Case Files	1	440	2		case_files_quality1_equip	{"12":25}	items_equipment_soongs_research_equipment.png
Case Files	2	24	2		case_files_quality2_equip	{"12":50}	items_equipment_soongs_research_equipment.png
Soba Noodles	2	1	2		soba_noodles_quality2_equip	{"19":3,"20":17}	items_equipment_soba_noodles_equipment.png
Astrometric Chart	5	1	2		astrometric_chart_quality5_equip	{"14":65,"15":25,"16":45}	items_equipment_astrometric_chart_equipment.png
Seven's Isomodulator	3	3	2		sevens_isomodulator_quality3_equip	{"2":15,"3":10,"4":20}	items_equipment_isomodulator_equipment.png
Seven's Isomodulator	4	2	2		sevens_isomodulator_quality4_equip	{"2":30,"3":20,"4":40}	items_equipment_isomodulator_equipment.png
Boy Scout Badge	0	5	2		boy_scout_badge_quality0_equip	{"3":0,"4":4}	items_equipment_boy_scout_badge_equipment.png
Ancient Film	0	87	2		ancient_film_quality0_equip	{"14":2}	items_equipment_movie_equipment.png
Field Rations	2	233	2		field_rations_quality2_equip	{"9":25,"23":4,"24":10}	items_equipment_field_rations_equipment.png
Archer's Jacket	3	2	2		archers_jacket_quality3_equip	{"7":10,"8":40}	items_equipment_ent_uniform_altcommand_22c1_equipment.png
Data's Visor	0	2	2		datas_visor_quality0_equip	{"22":2}	items_equipment_datas_visor_equipment.png
Casino Chip	0	2	2		casino_chip_quality0_equip	{"11":5}	items_equipment_casino_chips_equipment.png
Casino Chip	1	1	2		casino_chip_quality1_equip	{"11":10}	items_equipment_casino_chips_equipment.png
Casino Chip	2	1	2		casino_chip_quality2_equip	{"11":25}	items_equipment_casino_chips_equipment.png
Casino Chip	3	1	2		casino_chip_quality3_equip	{"11":50}	items_equipment_casino_chips_equipment.png
Scandal in Bohemia Holonovel	1	1	2		scandal_in_bohemia_quality1_equip	{"22":5}	items_equipment_scandal_bohemia_holonovel_equipment.png
Ode to Spot Poem	4	1	2		ode_to_spot_quality4_equip	{"15":25,"16":75}	items_equipment_tng_padd_stylus_24c1_equipment.png
Ancient Film	1	124	2		ancient_film_quality1_equip	{"14":5}	items_equipment_movie_equipment.png
Encoded Communique	1	34	2		encoded_communique_quality1_equip	{"10":40}	items_equipment_encryption_algorithm_generic_equipment.png
IDIC	1	99	2		idic_quality1_equip	{"7":0,"8":4,"15":0,"16":4}	items_equipment_idic_equipment.png
IDIC	2	60	2		idic_quality2_equip	{"7":1,"8":9,"15":1,"16":9}	items_equipment_idic_equipment.png
The Teachings of Surak Book	3	1	2		the_teaching_of_surak_quality3_equip	{"7":3,"8":17,"19":3,"20":17}	items_equipment_the_teaching_of_surak_equipment.png
Spock's Tricorder	4	1	2		spocks_tricorder_quality4_equip	{"14":30,"15":15,"16":25}	items_equipment_flip_tos_tricorder_23c1_equipment.png
Vulcan Meditation Lamp	1	376	2		vulcan_meditation_lamp_quality1_equip	{"12":10,"19":1,"20":5}	items_equipment_vulcan_meditation_lamp_equipment.png
Vulcan Meditation Lamp	2	187	2		vulcan_meditation_lamp_quality2_equip	{"12":20,"19":4,"20":10}	items_equipment_vulcan_meditation_lamp_equipment.png
Orchids	0	118	2		orchids_quality0_equip	{"15":0,"16":4}	items_equipment_orchids_equipement.png
Orchids	2	1	2		orchids_quality2_equip	{"15":3,"16":17}	items_equipment_orchids_equipement.png
Bajoran Command Uniform	0	1	2		bajoran_command_uniform_quality0_equip	{"6":2}	items_equipment_bajoran_uniform_security_equipment.png
Bajoran PADD	0	6	2		bajoran_padd_quality0_equip	{"6":2}	items_equipment_bajoran_padd_equipment.png
Bajoran Command Uniform	1	1	2		bajoran_command_uniform_quality1_equip	{"6":5}	items_equipment_bajoran_uniform_security_equipment.png
Bajoran Phaser	0	872	2		bajoran_phaser_quality0_equip	{"23":0,"24":4}	items_equipment_bajoran_phaser_equipment.png
Bajoran Combadge	1	181	2		bajoran_combadge_quality1_equip	{"6":2,"22":3}	items_equipment_bajoran_combadge_equipment.png
Bajoran Phaser	2	6	2		bajoran_phaser_quality2_equip	{"22":3,"23":1,"24":5}	items_equipment_bajoran_phaser_equipment.png
Spring Wine	2	55	2		spring_wine_quality2_equip	{"12":20,"18":7}	items_equipment_spring_wine_equipment.png
Kira's Uniform	3	1	2		kiras_uniform_quality3_equip	{"7":10,"8":40,"22":10}	items_equipment_bajoran_uniform_security_equipment.png
Orb Experience	2	70	2		orb_experience_quality2_equip	{"12":20,"19":4,"20":10}	items_equipment_orb_experience_equipment.png
Civilian Scientist Clothing	0	1	2		civilian_scientist_clothing_quality0_equip	{"14":2}	items_equipment_civilian_outfit_equipment.png
Science Experiment	1	63	2		science_experiment_quality1_equip	{"15":1,"16":9}	items_equipment_ethnobotany_experiment_equipment.png
Portable Tractor Beam	3	1	2		portable_tractor_beam_quality3_equip	{"2":15,"14":10}	items_equipment_portable_tractor_beam_equipment.png
Dom-Jot Cue	0	1	2		domjot_cue_quality0_equip	{"11":10}	items_equipment_domjot_cue_equipment.png
Dom-Jot Cue	1	1	2		domjot_cue_quality1_equip	{"9":15,"11":7}	items_equipment_domjot_cue_equipment.png
Dom-Jot Cue	2	2	2		domjot_cue_quality2_equip	{"9":25,"11":10}	items_equipment_domjot_cue_equipment.png
Desealing Rod	1	3	2		desealing_rod_quality1_equip	{"2":2,"22":3}	items_equipment_desealing_rod_equipment.png
Desealing Rod	2	1	2		desealing_rod_quality2_equip	{"2":3,"22":7}	items_equipment_desealing_rod_equipment.png
Rom's PADD	2	1	2		roms_padd_quality2_equip	{"2":7,"9":50}	items_equipment_flip_ferengi_padd_equipment.png
Cardassian Disruptor Rifle	1	98	2		cardassian_disruptor_rifle_quality1_equip	{"9":25,"12":10}	items_equipment_cardassian_disruptor_rifle_equipment.png
Cardassian Disruptor Rifle	2	46	2		cardassian_disruptor_rifle_quality2_equip	{"9":50,"12":20}	items_equipment_cardassian_disruptor_rifle_equipment.png
Nog's Tricorder	2	1	2		nogs_tricorder_quality2_equip	{"23":3,"24":17}	items_equipment_flip_tricorder_markx_equipment.png
Nog's Uniform	3	2	2		nogs_uniform_quality3_equip	{"18":3,"22":7}	items_equipment_fco_uniform_cadet_equipment.png
Osmotic Eel	2	1	2		osmotic_eel_quality2_equip	{"27":3,"28":17}	items_equipment_osmotic_eel_equipment.png
Civilian Medical Clothing	1	2	2		civilian_medical_clothing_quality1_equip	{"26":2,"27":1,"28":5}	items_equipment_civilian_outfit_equipment.png
Civilian Medical Clothing	3	1	2		civilian_medical_clothing_quality3_equip	{"26":10,"27":10,"28":20}	items_equipment_civilian_outfit_equipment.png
Hematology Experiment	3	1	2		hematology_experiment_quality3_equip	{"26":10,"27":10,"28":20}	items_equipment_hematology_experiment_equipment.png
Kali-fal	1	162	2		kalifal_quality1_equip	{"10":15,"19":1,"20":5}	items_equipment_kalifal_equipment.png
Romulan Disruptor	0	104	2		romulan_disruptor_quality0_equip	{"9":15}	items_equipment_romulan_disruptor_pistol_equipment.png
Romulan Disruptor	1	123	2		romulan_disruptor_quality1_equip	{"9":40}	items_equipment_romulan_disruptor_pistol_equipment.png
Starfleet Test Cylinder	0	83	2		starfleet_test_cylinder_quality0_equip	{"15":0,"16":4}	items_equipment_starfleet_test_cylinder_equipment.png
Starfleet Test Cylinder	2	1	2		starfleet_test_cylinder_quality2_equip	{"15":3,"16":17}	items_equipment_starfleet_test_cylinder_equipment.png
Romulan Encryption Algorithm	0	42	2		romulan_encryption_algorithm_quality0_equip	{"23":0,"24":4}	items_equipment_romulan_encryption_algorithum.png
Star Empire Icon	2	6	2		star_empire_icon_quality2_equip	{"10":50,"11":5}	items_equipment_romulan_star)empire_icon_equipment.png
Romulan Ale	0	59	2		romulan_ale_quality0_equip	{"7":0,"8":4,"19":0,"20":4}	items_equipment_romulan_ale_equipment.png
Romulan Ale	1	517	2		romulan_ale_quality1_equip	{"7":1,"8":9,"19":1,"20":9}	items_equipment_romulan_ale_equipment.png
Romulan Ale	2	39	2		romulan_ale_quality2_equip	{"7":3,"8":17,"19":3,"20":17}	items_equipment_romulan_ale_equipment.png
Romulan Ale	3	3	2		romulan_ale_quality3_equip	{"7":10,"8":40,"19":10,"20":40}	items_equipment_romulan_ale_equipment.png
Kadis-Kot	0	867	2		kadiskot_quality0_equip	{"19":1,"20":3}	items_equipment_kadiskot_equipment.png
Vulcan Robes	0	532	2		vulcan_robes_quality0_equip	{"18":1}	items_equipment_vulcan_robes_equipment.png
Spock's Robes	2	1	2		spocks_robes_quality2_equip	{"14":7,"18":3}	items_equipment_vulcan_robes_equipment.png
Spock's Robes	3	3	2		spocks_robes_quality3_equip	{"14":15,"18":10}	items_equipment_vulcan_robes_equipment.png
Sweat Band	0	1	2		sweat_band_quality0_equip	{"18":1}	items_equipment_sweat_band_equipment.png
Sweat Band	2	1	2		sweat_band_quality2_equip	{"18":6}	items_equipment_sweat_band_equipment.png
Boombox	3	1	2		boombox_quality3_equip	{"19":10,"20":40}	items_equipment_boombox_equipment.png
Holoprogram	1	81	2		holoprogram_quality1_equip	{"10":40}	items_equipment_holostory_equipment.png
Bajoran PADD	2	88	2		bajoran_padd_quality2_equip	{"6":10}	items_equipment_bajoran_padd_equipment.png
Orb Experience	1	185	2		orb_experience_quality1_equip	{"12":10,"19":1,"20":5}	items_equipment_orb_experience_equipment.png
Spring Wine	0	163	2		spring_wine_quality0_equip	{"18":2}	items_equipment_spring_wine_equipment.png
Spring Wine	4	1	2		spring_wine_quality4_equip	{"12":75,"18":30}	items_equipment_spring_wine_equipment.png
Coffee	4	1	2		coffee_quality4_equip	{"6":50}	items_equipment_voy_hot_beverage_equipment.png
Agonizer	0	149	2		agonizer_quality0_equip	{"23":1,"24":3}	items_equipment_agonizer_equipment.png
Agonizer	1	182	2		agonizer_quality1_equip	{"23":3,"24":7}	items_equipment_agonizer_equipment.png
Agonizer	2	87	2		agonizer_quality2_equip	{"23":6,"24":14}	items_equipment_agonizer_equipment.png
KCA Icon	1	95	2		kca_icon_quality1_equip	{"7":1,"8":5,"23":1,"24":3}	items_equipment_klingon_cardassian_alliance_symbol_equipment.png
KCA Icon	2	410	2		kca_icon_quality2_equip	{"7":4,"8":10,"23":1,"24":5}	items_equipment_klingon_cardassian_alliance_symbol_equipment.png
Vedek Robes	0	2	2		vedek_robes_quality0_equip	{"18":2}	items_equipment_vedek_robes_equipment.png
Vedek Robes	1	150	2		vedek_robes_quality1_equip	{"18":5}	items_equipment_vedek_robes_equipment.png
Vedek Robes	2	98	2		vedek_robes_quality2_equip	{"18":10}	items_equipment_vedek_robes_equipment.png
Augment Icon	2	323	2		augment_icon_quality2_equip	{"9":25,"12":30}	items_equipment_khan_necklace_equipment.png
Neutron Microscope	1	355	2		neutron_microscope_quality1_equip	{"14":3,"15":1,"16":3}	items_equipment_portable_electronic_microscope_equipment.png
Augment Icon	1	394	2		augment_icon_quality1_equip	{"9":15,"12":15}	items_equipment_khan_necklace_equipment.png
Ceti Eel	0	213	2		ceti_eel_quality0_equip	{"22":2}	items_equipment_ceti_eel_equipment.png
Ceti Eel	1	439	2		ceti_eel_quality1_equip	{"22":5}	items_equipment_ceti_eel_equipment.png
Kes' Dress	3	1	2		kesss_dress_quality3_equip	{"19":5,"20":15,"27":10,"28":20}	items_equipment_civilian_clothing_female_equipment.png
Medical Lesson	0	16	2		medical_lesson_quality0_equip	{"27":0,"28":4}	items_equipment_medical_lesson_equipment.png
Medical Experiment	0	15	2		medical_experiment_quality0_equip	{"27":0,"28":4}	items_equipment_medical_experiment_equipment.png
Kotra	1	1	2		kotra_quality1_equip	{"12":25}	items_equipment_kotra_equipment.png
Covert Contacts	1	229	2		covert_contacts_quality1_equip	{"10":25,"11":3}	items_equipment_covert_contacts_equipment.png
Covert Contacts	2	10	2		covert_contacts_quality2_equip	{"10":50,"11":5}	items_equipment_covert_contacts_equipment.png
Garak's Suit	1	1	2		garaks_suit_quality1_equip	{"10":15,"18":3}	items_equipment_civilian_outfit_equipment.png
Backpack	2	1497	2		backpack_quality2_equip	{"9":50,"10":25}	items_equipment_backpack_equipment.png
Criminal Activity Report	3	1	2		criminal_activity_report_quality3_equip	{"7":10,"8":20,"23":5,"24":15}	items_equipment_bajoran_padd_equipment.png
Multidimensional Transporter Device	0	414	2		multidimensional_transporter_device_quality0_equip	{"10":15}	items_equipment_multidimensional_transporter_equipment.png
Multidimensional Transporter Device	1	184	2		multidimensional_transporter_device_quality1_equip	{"10":40}	items_equipment_multidimensional_transporter_equipment.png
Multidimensional Transporter Device	2	123	2		multidimensional_transporter_device_quality2_equip	{"10":75}	items_equipment_multidimensional_transporter_equipment.png
Terran Emblem	2	52	2		terran_emblem_quality2_equip	{"11":10,"12":20}	items_equipment_terran_empire_emblem_equipment.png
Terran Emblem	3	1	2		terran_emblem_quality3_equip	{"11":30,"12":30}	items_equipment_terran_empire_emblem_equipment.png
Terran Slave Emblem	1	172	2		terran_slave_emblem_quality1_equip	{"11":3,"23":1,"24":5}	items_equipment_terran_slave_emblem_equipment.png
Terran Slave Emblem	2	98	2		terran_slave_emblem_quality2_equip	{"11":5,"23":4,"24":10}	items_equipment_terran_slave_emblem_equipment.png
Terran Slave Emblem	3	1	2		terran_slave_emblem_quality3_equip	{"11":20,"23":10,"24":20}	items_equipment_terran_slave_emblem_equipment.png
Klingon Disruptor Rifle	1	338	2		klingon_disruptor_rifle_quality1_equip	{"12":10,"23":1,"24":5}	items_equipment_klingon_disruptor_rifle_equipment.png
Terran Knife	0	5	2		terran_knife_quality0_equip	{"9":15}	items_equipment_terran_knife_equipment.png
Terran Knife	1	117	2		terran_knife_quality1_equip	{"9":15,"23":1,"24":5}	items_equipment_terran_knife_equipment.png
Terran Knife	2	85	2		terran_knife_quality2_equip	{"9":25,"10":25,"23":4,"24":10}	items_equipment_terran_knife_equipment.png
Scalpel	1	317	2		scalpel_quality1_equip	{"11":3,"27":1,"28":5}	items_equipment_scalpel_equipment.png
Darts	0	1323	2		darts_quality0_equip	{"11":5}	items_equipment_darts_equipment.png
Kali-fal	2	69	2		kalifal_quality2_equip	{"10":25,"19":4,"20":10}	items_equipment_kalifal_equipment.png
Sulu's Phaser	3	1	2		sulus_phaser_quality3_equip	{"22":15,"23":10,"24":20}	items_equipment_tos_phaser_type2_23c1_equipment.png
Jem'Hadar Pistol	0	58	2		jemhadar_pistol_quality0_equip	{"22":1}	items_equipment_terran_pistol_equipment.png
Jem'Hadar Rifle	2	1	2		jemhadar_rifle_quality2_equip	{"22":7,"23":1,"24":5}	items_equipment_jemhadar_rifle_equipment.png
Jem'Hadar Pistol	1	111	2		jemhadar_pistol_quality1_equip	{"22":3}	items_equipment_terran_pistol_equipment.png
Jem'Hadar Pistol	2	29	2		jemhadar_pistol_quality2_equip	{"22":6}	items_equipment_terran_pistol_equipment.png
Jem'Hadar Knife	0	64	2		jemhadar_knife_quality0_equip	{"11":5}	items_equipment_jemhadar_knife_equipment.png
Jem'Hadar Knife	1	98	2		jemhadar_knife_quality1_equip	{"11":10}	items_equipment_jemhadar_knife_equipment.png
Jem'Hadar Scanner	2	41	2		jemhadar_scanner_quality2_equip	{"9":50,"22":3}	items_equipment_jemhadar_scanner_equipment.png
Ketracel-white	2	25	2		ketracel_white_quality2_equip	{"6":7,"7":1,"8":5}	items_equipment_ketracel_white_equipment.png
Kar'takin	0	2	2		kartakin_quality0_equip	{"11":5}	items_equipment_kartakin_equipment.png
Kar'takin	1	90	2		kartakin_quality1_equip	{"11":7,"12":10}	items_equipment_kartakin_equipment.png
Cobalt Diselenide Weapon	1	177	2		cobalt_diselenide_quality1_equip	{"12":25}	items_equipment_kobalt_equipment.png
Resistance Cipher	1	206	2		resistance_cipher_quality1_equip	{"10":15,"23":1,"24":5}	items_equipment_encryption_algorithm_generic_equipment.png
Poisoned Drink	3	3	2		poisoned_drink_quality3_equip	{"12":100}	items_equipment_poisoned_drink_equipment.png
Civilian Disguise	1	1	2		civilian_disguise_quality1_equip	{"22":5}	items_equipment_civilian_outfit_equipment.png
Diagnostic Program Alpha-11	3	2	2		diagnostic_program_alpha11_quality3_equip	{"9":150}	items_equipment_diagnostic_program_alpha11_holoprogram_equipment.png
Beowulf Holoprogram	3	1	2		beowulf_quality3_equip	{"12":100}	items_equipment_holostory_equipment.png
Mobile Emitter	2	1	2		mobile_emitter_quality2_equip	{"19":3,"20":17}	items_equipment_mobile_emitter_equipment.png
Scalpel	0	206	2		scalpel_quality0_equip	{"27":1,"28":3}	items_equipment_scalpel_equipment.png
Scalpel	2	206	2		scalpel_quality2_equip	{"11":5,"27":4,"28":10}	items_equipment_scalpel_equipment.png
Scalpel	3	1	2		scalpel_quality3_equip	{"11":20,"27":10,"28":20}	items_equipment_scalpel_equipment.png
Virtual Display Device	2	34	2		virtual_display_device_quality2_equip	{"7":1,"8":5,"9":25}	items_equipment_virtual_display_device_equipment.png
Prime Directive	0	1605	2		prime_directive_quality0_equip	{"10":15}	items_equipment_prime_directive_equipment.png
Spell of the Spider Holonovel	4	1	2		spell_of_the_spider_quality4_equip	{"11":60,"12":75}	items_equipment_spell_spider_holonovel_equipment.png
Pheromones	2	6	2		pheromones_quality2_equip	{"19":4,"20":10,"23":1,"24":5}	items_equipment_pheromones_equipment.png
Pheromones	3	1	2		pheromones_quality3_equip	{"19":10,"20":20,"23":5,"24":15}	items_equipment_pheromones_equipment.png
20th Century Pistol	1	1	2		20c_pistol_quality1_equip	{"22":5}	items_equipment_pistol_20c_equipment.png
Julian Bashir, Secret Agent Holonovel	2	1	2		jb_secret_agent_quality2_equip	{"10":50,"23":4,"24":10}	items_equipment_secret_agent_holonovel_equipment.png
Agent Bashir's Champagne	4	1	2		agent_bashirs_champange_quality4_equip	{"11":30,"12":70,"18":30}	items_equipment_champagne_equipment.png
Starfleet Medicine Uniform	3	2	2		uniform_medicine_25c_quality3_equip	{"26":10,"27":10,"28":20}	items_equipment_uniform_medicine_25c_equipment.png
Hirogen Tetryon Rifle	1	82	2		hirogen_rifle_quality1_equip	{"22":2,"23":1,"24":5}	items_equipment_hirogen_rifle_equipment.png
Hirogen Tetryon Rifle	2	56	2		hirogen_rifle_quality2_equip	{"22":3,"23":4,"24":10}	items_equipment_hirogen_rifle_equipment.png
Hirogen Alpha Mark	1	89	2		hirogen_alpha_mark_quality1_equip	{"6":2,"7":1,"8":5}	items_equipment_hirogen_alpha_mark_equipment.png
Hirogen Relic	1	61	2		hirogen_relic_quality1_equip	{"11":3,"22":3}	items_equipment_hirogen_relic_equipment.png
Hirogen Scanner	0	79	2		hirogen_scanner_quality0_equip	{"9":15}	items_equipment_hirogen_scanner_equipment.png
Hirogen Scanner	1	55	2		hirogen_scanner_quality1_equip	{"9":40}	items_equipment_hirogen_scanner_equipment.png
Hirogen Scanner	2	47	2		hirogen_scanner_quality2_equip	{"9":75}	items_equipment_hirogen_scanner_equipment.png
Hirogen Relic	2	40	2		hirogen_relic_quality2_equip	{"11":5,"22":7}	items_equipment_hirogen_relic_equipment.png
Hirogen Hunter Armor	0	79	2		hirogen_hunter_armor_quality0_equip	{"22":2}	items_equipment_hirogen_armor_equipment.png
Hirogen Hunter Armor	1	76	2		hirogen_hunter_armor_quality1_equip	{"22":5}	items_equipment_hirogen_armor_equipment.png
Hirogen Alpha Mark	2	1	2		hirogen_alpha_mark_quality2_equip	{"6":3,"7":4,"8":10}	items_equipment_hirogen_alpha_mark_equipment.png
Hirogen Alpha Mark	0	69	2		hirogen_alpha_mark_quality0_equip	{"6":1}	items_equipment_hirogen_alpha_mark_equipment.png
Kirk's Communicator	3	1	2		kirks_communicator_quality3_equip	{"6":7,"7":10,"8":20,"19":4,"20":10}	items_equipment_tos_communicator_23c1_equipment.png
Saddle	2	1	2		saddle_quality2_equip	{"9":50,"10":25}	items_equipment_saddle_equipment.png
T'Pol's Suit	0	1	2		tpols_suit_quality0_equip	{"14":2}	items_equipment_tpol_suit_equipment.png
Seven's Nanoprobes	2	4	2		sevens_nanoprobes_quality2_equip	{"2":7,"11":15,"18":3}	items_equipment_borg_nanoprobes_equipment.png
Hirogen Technician Suit	0	52	2		hirogen_technician_suit_quality0_equip	{"3":1,"4":3}	items_equipment_hirogen_technician_suit_equipment.png
Hirogen Technician Suit	1	73	2		hirogen_technician_suit_quality1_equip	{"2":3,"3":1,"4":3}	items_equipment_hirogen_technician_suit_equipment.png
Andorian Ale	1	560	2		andorian_ale_quality1_equip	{"10":15,"19":1,"20":5}	items_equipment_andorian_ale_equipment.png
Andorian Ale	2	1	2		andorian_ale_quality2_equip	{"10":25,"19":4,"20":10}	items_equipment_andorian_ale_equipment.png
Andorian Ale	4	1	2		andorian_ale_quality4_equip	{"10":100,"19":20,"20":40}	items_equipment_andorian_ale_equipment.png
Imperial Guard Emblem	3	1	2		imperial_guard_emblem_quality3_equip	{"6":7,"12":70,"18":7}	items_equipment_andorian_imperial_guard_emblem_equipment.png
Andorian Rifle	2	203	2		andorian_rifle_quality2_equip	{"22":3,"23":4,"24":10}	items_equipment_andorian_rifle_equipment.png
Intendant's Suit	2	1	2		intendants_suit_quality2_equip	{"6":3,"10":25,"18":7}	items_equipment_intendants_suit_equipment.png
Dominion Seal	0	44	2		dominion_seal_quality0_equip	{"6":2}	items_equipment_dominion_seal_equipment.png
Dominion PADD	0	35	2		dominion_padd_quality0_equip	{"6":2}	items_equipment_dominion_padd_equipment.png
Reman Knife	0	114	2		reman_knife_quality0_equip	{"22":2}	items_equipment_reman_knife_equipment.png
Reman Knife	1	136	2		reman_knife_quality1_equip	{"11":3,"22":3}	items_equipment_reman_knife_equipment.png
Reman Knife	2	51	2		reman_knife_quality2_equip	{"11":5,"22":7}	items_equipment_reman_knife_equipment.png
Xindi Icon	0	2	2		xindi_icon_quality0_equip	{"10":15}	items_equipment_xindi_icon_equipment.png
Kemocite	1	76	2		kemocite_quality1_equip	{"12":15,"15":1,"16":3}	items_equipment_starfleet_test_cylinder_equipment.png
Kemocite	2	7	2		kemocite_quality2_equip	{"12":30,"15":1,"16":5}	items_equipment_starfleet_test_cylinder_equipment.png
Mr. Scott's Toolbox	3	1	2		mr_scotts_toolbox_quality3_equip	{"2":7,"3":10,"4":20,"11":10}	items_equipment_flip_tool_box_equipment.png
Starfleet Uniform	0	1114	2		starfleet_uniform_22c_quality0_equip	{"9":15}	items_equipment_ent_generic__uniform_equipment.png
Starfleet Uniform	0	933	2		starfleet_uniform_23c_quality0_equip	{"9":15}	items_equipment_tos_starfleet_uniform_equipment.png
Starfleet Uniform	0	635	2		starfleet_uniform_24c1_quality0_equip	{"9":15}	items_equipment_tng_command_uniform_24c1_equipment.png
Starfleet Uniform	0	1148	2		starfleet_uniform_24c2_quality0_equip	{"9":15}	items_equipment_generic_gen_uniform_equipment.png
Starfleet Uniform	0	676	2		starfleet_uniform_24c3_quality0_equip	{"9":15}	items_equipment_fco_generic_uniform_equipment.png
Self-sealing Stem Bolt	1	2	2		selfsealing_stem_bolt_quality1_equip	{"2":3,"3":1,"4":3}	items_equipment_selfsealing_stem_bolt_equipment.png
Q's Robes	3	1	2		qs_robe_quality3_equip	{"6":7,"7":10,"8":20,"10":50}	items_equipment_qs_robes_equipment.png
Augment Transmission	0	24	6	Spent to acquire Augments faction missions.	s_augments_token		items_transmissions_transmission_augments_icon.png
Klingon Empire Transmission	0	10	6	Spent to acquire Klingon Empire faction missions.	s_klingon_token		items_transmissions_transmission_klingon_icon.png
Bajoran Transmission	0	19	6	Spent to acquire Bajoran faction missions.	s_bajoran_token		items_transmissions_transmission_bajoran_icon.png
Maquis Transmission	0	6	6	Spent to acquire Maquis faction missions.	s_maquis_token		items_transmissions_transmission_maquis_icon.png
Cardassian Union Transmission	0	55	6	Spent to acquire Cardassian faction missions.	s_cardassian_token		items_transmissions_transmission_cardassian_icon.png
Ferengi Traditionalists Transmission	0	35	6	Spent to acquire Ferengi Traditionalists faction missions.	s_ferengi_trad_token		items_transmissions_transmission_ferengi_traditionalist_icon.png
Ferengi Alliance Transmission	0	21	6	Spent to acquire Ferengi Alliance faction missions.	s_ferengi_all_token		items_transmissions_transmission_ferengi_alliance_icon.png
Terran Empire Transmission	0	6	6	Spent to acquire Terran Empire faction missions.	s_terran_empire_token		items_transmissions_transmission_terran_icon.png
Section 31 Transmission	0	2	6	Spent to acquire Section 31 faction missions.	s_sec31_token		items_transmissions_transmission_section_31_icon.png
Romulan Transmission	0	20	6	Spent to acquire Romulan Star Empire faction missions.	s_romulan_token		items_transmissions_transmission_romulan_icon.png
Klingon-Cardassian Alliance Transmission	0	2	6	Spent to acquire KCA faction missions.	s_kling_card_all_token		items_transmissions_transmission_kca_icon.png
Hirogen Transmission	0	24	6	Spent to acquire Hirogen faction missions.	s_hirogen_token		items_transmissions_transmission_hirogen_icon.png
Dominion Transmission	0	14	6	Spent to acquire Dominion faction missions.	s_dominion_token		items_transmissions_transmission_dominion_icon.png
Federation Transmission	0	15	6	Spent to acquire Federation faction missions.	s_federation_token		items_transmissions_transmission_federation_icon.png
Basic Survival Training	1	99	7	Increases crew XP by 10.	small_training		items_exp_exp_bundle01.png
Elementary Flight Training	2	104	7	Increases crew XP by 25.	medium_production_training		items_exp_exp_bundle02.png
Intermediate Command Training	3	26948	7	Increases crew XP by 100.	large_production_training		items_exp_exp_bundle03.png
Advanced Tactical Training	4	24993	7	Increases crew XP by 500.	huge_production_training		items_exp_exp_bundle04.png
Dynamic Officer Training	5	21212	7	Increases crew XP by 2500.	mega_production_training		items_exp_exp_bundle05.png
Constitution Class Ship Schematic	0	100	8	Used to build and upgrade Constitution Class Ship.	fed_constitutionclass_ship_schematic		schematics_fed_constitutionclass.png
U.S.S. Defiant Schematic	0	3	8	Used to build and upgrade U.S.S. Defiant.	defiant_ship_schematic		schematics_fed_defiant_nx74205.png
Intrepid-Class Ship Schematic	0	100	8	Used to build and upgrade Intrepid-Class Ship.	intrepid_class_ship_schematic		schematics_fed_intrepidclass.png
Constellation Class Schematic	0	4	8	Used to build and upgrade Constellation Class.	constellation_ship_schematic		schematics_fed_constellationclass.png
I.S.S. Enterprise NCC-1701 Schematic	0	300	8	Used to build and upgrade I.S.S. Enterprise NCC-1701.	enterprise_1701_iss_ship_schematic		schematics_fed_constitutionclass_iss.png
Geordi's VISOR	2	1	2		geordis_visor_quality2_equip	{"9":50,"11":10}	items_equipment_geordis_visor_equipment.png
Data's Pipe	3	1	2		datas_pipe_quality3_equip	{"3":10,"4":20,"15":10,"16":20}	items_equipment_smoking_pipe_equipment.png
Ancient Film	2	46	2		ancient_film_quality2_equip	{"14":10}	items_equipment_movie_equipment.png
20th Century Rifle	0	1	2		20c_rifle_quality0_equip	{"9":15}	items_equipment_20th_century_rifle_euipment.png
GI Jacket	1	1	2		gi_jacket_quality1_equip	{"6":3,"7":1,"8":3}	items_equipment_gi_jacket_equipment.png
Evening Gown	1	3	2		evening_gown_quality1_equip	{"11":10}	items_equipment_evening_gown_equipment.png
Science Bonus	0	2	4	Increases Science skill by 50.	science_bonus_0_shuttle_consumable		items_consumables_science_consumable_0.png
Science Bonus	1	10	4	Increases Science skill by 100.	science_bonus_1_shuttle_consumable		items_consumables_science_consumable_1.png
Science Bonus	2	4	4	Increases Science skill by 150.	science_bonus_2_shuttle_consumable		items_consumables_science_consumable_2.png
Science Bonus	3	381	4	Increases Science skill by 250.	science_bonus_3_shuttle_consumable		items_consumables_science_consumable_3.png
Science Bonus	4	152	4	Increases Science skill by 450.	science_bonus_4_shuttle_consumable		items_consumables_science_consumable_4.png
Science Bonus	5	79	4	Increases Science skill by 700.	science_bonus_5_shuttle_consumable		items_consumables_science_consumable_5.png
Command Bonus	0	5	4	Increases Command skill by 50.	command_bonus_0_shuttle_consumable		items_consumables_command_consumable_0.png
Command Bonus	1	3	4	Increases Command skill by 100.	command_bonus_1_shuttle_consumable		items_consumables_command_consumable_1.png
Command Bonus	3	417	4	Increases Command skill by 250.	command_bonus_3_shuttle_consumable		items_consumables_command_consumable_3.png
Command Bonus	4	190	4	Increases Command skill by 450.	command_bonus_4_shuttle_consumable		items_consumables_command_consumable_4.png
Command Bonus	5	70	4	Increases Command skill by 700.	command_bonus_5_shuttle_consumable		items_consumables_command_consumable_5.png
Security Bonus	0	1	4	Increases Security skill by 50.	security_bonus_0_shuttle_consumable		items_consumables_security_consumable_0.png
Security Bonus	1	4	4	Increases Security skill by 100.	security_bonus_1_shuttle_consumable		items_consumables_security_consumable_1.png
Security Bonus	2	1	4	Increases Security skill by 150.	security_bonus_2_shuttle_consumable		items_consumables_security_consumable_2.png
Security Bonus	3	403	4	Increases Security skill by 250.	security_bonus_3_shuttle_consumable		items_consumables_security_consumable_3.png
Security Bonus	4	129	4	Increases Security skill by 450.	security_bonus_4_shuttle_consumable		items_consumables_security_consumable_4.png
Security Bonus	5	69	4	Increases Security skill by 700.	security_bonus_5_shuttle_consumable		items_consumables_security_consumable_5.png
Diplomacy Bonus	0	4	4	Increases Diplomacy skill by 50.	diplomacy_bonus_0_shuttle_consumable		items_consumables_diplomacy_consumable_0.png
Diplomacy Bonus	1	4	4	Increases Diplomacy skill by 100.	diplomacy_bonus_1_shuttle_consumable		items_consumables_diplomacy_consumable_1.png
Diplomacy Bonus	2	3	4	Increases Diplomacy skill by 150.	diplomacy_bonus_2_shuttle_consumable		items_consumables_diplomacy_consumable_2.png
Diplomacy Bonus	3	381	4	Increases Diplomacy skill by 250.	diplomacy_bonus_3_shuttle_consumable		items_consumables_diplomacy_consumable_3.png
Diplomacy Bonus	4	123	4	Increases Diplomacy skill by 450.	diplomacy_bonus_4_shuttle_consumable		items_consumables_diplomacy_consumable_4.png
Diplomacy Bonus	5	68	4	Increases Diplomacy skill by 700.	diplomacy_bonus_5_shuttle_consumable		items_consumables_diplomacy_consumable_5.png
Engineering Bonus	0	4	4	Increases Engineering skill by 50.	engineering_bonus_0_shuttle_consumable		items_consumables_engineering_consumable_0.png
Engineering Bonus	1	5	4	Increases Engineering skill by 100.	engineering_bonus_1_shuttle_consumable		items_consumables_engineering_consumable_1.png
Engineering Bonus	2	3	4	Increases Engineering skill by 150.	engineering_bonus_2_shuttle_consumable		items_consumables_engineering_consumable_2.png
Engineering Bonus	3	378	4	Increases Engineering skill by 250.	engineering_bonus_3_shuttle_consumable		items_consumables_engineering_consumable_3.png
Engineering Bonus	4	178	4	Increases Engineering skill by 450.	engineering_bonus_4_shuttle_consumable		items_consumables_engineering_consumable_4.png
Engineering Bonus	5	76	4	Increases Engineering skill by 700.	engineering_bonus_5_shuttle_consumable		items_consumables_engineering_consumable_5.png
Medicine Bonus	0	3	4	Increases Medicine skill by 50.	medicine_bonus_0_shuttle_consumable		items_consumables_medicine_consumable_0.png
Medicine Bonus	1	3	4	Increases Medicine skill by 100.	medicine_bonus_1_shuttle_consumable		items_consumables_medicine_consumable_1.png
Medicine Bonus	2	3	4	Increases Medicine skill by 150.	medicine_bonus_2_shuttle_consumable		items_consumables_medicine_consumable_2.png
Medicine Bonus	3	379	4	Increases Medicine skill by 250.	medicine_bonus_3_shuttle_consumable		items_consumables_medicine_consumable_3.png
Medicine Bonus	4	210	4	Increases Medicine skill by 450.	medicine_bonus_4_shuttle_consumable		items_consumables_medicine_consumable_4.png
Medicine Bonus	5	74	4	Increases Medicine skill by 700.	medicine_bonus_5_shuttle_consumable		items_consumables_medicine_consumable_5.png
Time Reduction	0	59	4	(Shuttle Missions Only) Decreases time to completion by 00:10:00.	time_bonus_0_shuttle_consumable		items_consumables_time_consumable_0.png
Time Reduction	1	3	4	(Shuttle Missions Only) Decreases time to completion by 00:30:00.	time_bonus_1_shuttle_consumable		items_consumables_time_consumable_1.png
Time Reduction	3	258	4	(Shuttle Missions Only) Decreases time to completion by 01:30:00.	time_bonus_3_shuttle_consumable		items_consumables_time_consumable_3.png
Time Reduction	4	73	4	(Shuttle Missions Only) Decreases time to completion by 02:00:00.	time_bonus_4_shuttle_consumable		items_consumables_time_consumable_4.png
Time Reduction	5	30	4	(Shuttle Missions Only) Decreases time to completion by 02:30:00.	time_bonus_5_shuttle_consumable		items_consumables_time_consumable_5.png
Kurn's D'k tahg	3	2	2		kurns_dk_tahg_quality3_equip	{"7":4,"8":10,"11":30,"23":4,"24":10}	items_equipment_dktahg_equipment.png
Reward Boost	0	3	4	(Shuttle Missions Only) 2x rewards, decreases difficulty, increases time to completion by 06:00:00.	reward_bonus_0_shuttle_consumable		items_consumables_reward_consumable_0.png
Reward Boost	1	5	4	(Shuttle Missions Only) 2x rewards, decreases difficulty, increases time to completion by 06:00:00.	reward_bonus_1_shuttle_consumable		items_consumables_reward_consumable_0.png
Reward Boost	2	2	4	(Shuttle Missions Only) 2x rewards, decreases difficulty, increases time to completion by 06:00:00.	reward_bonus_2_shuttle_consumable		items_consumables_reward_consumable_2.png
Reward Boost	3	371	4	(Shuttle Missions Only) 2x rewards, decreases difficulty, increases time to completion by 06:00:00.	reward_bonus_3_shuttle_consumable		items_consumables_reward_consumable_3.png
Reward Boost	4	79	4	(Shuttle Missions Only) 2x rewards, decreases difficulty, increases time to completion by 06:00:00.	reward_bonus_4_shuttle_consumable		items_consumables_reward_consumable_4.png
Reward Boost	5	34	4	(Shuttle Missions Only) 2x rewards, decreases difficulty, increases time to completion by 06:00:00.	reward_bonus_5_shuttle_consumable		items_consumables_reward_consumable_4.png
Mara's Armor	3	1	2		maras_armor_quality3_equip	{"9":100,"14":7,"15":4,"16":10}	items_equipment_klingon_armor_23c_equipment.png
Civilian Engineer Dress	0	1	2		civilian_engineer_dress_quality0_equip	{"2":2}	items_equipment_civilian_diplomatic_dress_equipment.png
Doctor Chaotica's Viewscreen	5	1	2		chaoticas_viewscreen_quality5_equip	{"15":40,"16":160}	items_equipment_chaoticas_viewscreen_equipment.png
General Chang's Uniform	3	1	2		changs_uniform_quality3_equip	{"6":7,"7":10,"8":20,"12":70}	items_equipment_chang_uniform_equipment.png
General Chang's Uniform	4	1	2		changs_uniform_quality4_equip	{"6":15,"7":20,"8":40,"12":125}	items_equipment_chang_uniform_equipment.png
MACO Uniform	0	1	2		maco_uniform_quality0_equip	{"9":15}	items_equipment_uniform_maco_equipment.png
Dolim's Pistol	3	1	2		dolims_pistol_quality3_equip	{"11":10,"22":7,"23":10,"24":20}	items_equipment_xindi_pistol_equipment.png
Agent Harris' Uniform	2	1	2		harris_uniform_quality2_equip	{"6":7,"19":1,"20":5}	items_equipment_harris_uniform_equipment.png
ECH Program	5	2	2		ech_program_quality5_equip	{"6":65,"22":35}	items_equipment_encryption_algorithm_generic_equipment.png
Khan's Jacket	2	1	2		khans_jacket_quality2_equip	{"2":7,"6":3}	items_equipment_khans_jacket_equipment.png
Dixon's Suit	5	1	2		dixons_suit_quality5_equip	{"6":30,"10":100,"18":35}	items_equipment_pinstripe_suit_equipment.png
Mirror T'Pol's Tricorder	4	1	2		tpols_mirror_tricorder_quality4_equip	{"14":50}	items_equipment_flip_tos_tricorder_23c1_equipment.png
Bashir's Racquetball Outfit	2	1	2		bashirs_racquetball_outfit_quality2_equip	{"11":3,"27":3,"28":17}	items_equipment_24c_racquetball_uniform_equipment.png
Elementary Replicator Ration	1	160	9		replicator_fuel_common		items_equipment_replicator_ration_common.png
Simple Replicator Ration	2	326	9		replicator_fuel_uncommon		items_equipment_replicator_ration_uncommon.png
Intermediate Replicator Ration	3	1000	9		replicator_fuel_rare		items_equipment_replicator_ration_rare.png
Advanced Replicator Ration	4	982	9		replicator_fuel_superrare		items_equipment_replicator_ration_superrare.png
Dynamic Replicator Ration	5	35	9		replicator_fuel_legendary		items_equipment_replicator_ration_legendary.png
David Marcus' Field Jacket	2	1	2		david_marcus_jacket_quality2_equip	{"3":4,"4":10,"12":20}	items_equipment_david_marcus_jacket_equipment.png
Sulu's Jacket	0	1	2		sulus_jacket_quality0_equip	{"6":1,"18":1,"19":0,"20":4}	items_equipment_sulus_leather_outfit_equipment.png
Chakotay's Boxing Robe	3	1	2		chakotay_boxing_robe_quality3_equip	{"6":15,"22":15,"23":5,"24":5}	items_equipment_boxing_robe_equipment.png
Chakotay's Uniform	3	1	2		chakotays_uniform_quality3_equip	{"9":25,"22":15}	items_equipment_gen_uniform_command_24c2_equipment.png
Wesley's Wedding Toast	2	1	2		wesleys_wedding_toast_quality2_equip	{"10":50,"15":4,"16":10}	items_equipment_champagne_equipment.png
Tucker's Cowboy Outfit	3	1	2		tuckers_cowboy_outfit_quality3_equip	{"3":10,"4":40,"10":100}	items_equipment_cowboy_outfit_equipment.png
Tucker's Winchester Rifle	3	1	2		tuckers_cowboy_rifle_quality3_equip	{"9":25,"22":15,"23":10,"24":20}	items_equipment_winchester_rifle_equipment.png
Tucker's Winchester Rifle	4	1	2		tuckers_cowboy_rifle_quality4_equip	{"9":50,"22":30,"23":20,"24":40}	items_equipment_winchester_rifle_equipment.png
Odo's Tarkalean Tea	3	1	2		odos_tea_quality3_equip	{"18":10,"23":5,"24":15}	items_equipment_vulcan_tea_equipment.png
Odo's Tarkalean Tea	4	2	2		odos_tea_quality4_equip	{"18":25,"23":15,"24":25}	items_equipment_vulcan_tea_equipment.png
Harriman's Uniform	2	1	2		harrimans_uniform_quality2_equip	{"6":3,"18":7}	items_equipment_wok_uniform_command_23c2_equipment.png
Kira's Baseball Glove	2	1	2		kiras_baseball_glove_quality2_equip	{"10":25,"22":10}	items_equipment_baseball_glove.png
Friar Tuck's Robe	4	1	2		datas_tuck_robe_quality4_equip	{"18":20,"19":10,"20":20,"22":15}	items_equipment_data_friar_tuck_outfit_equipment.png
Janeway's Command Uniform	2	4	2		janeways_24c2_command_uniform_quality2_equip	{"7":4,"8":10,"10":50,"14":7}	items_equipment_gen_uniform_command_24c2_equipment.png
Janeway's Combadge	3	3	2		janeways_combadge_quality3_equip	{"7":4,"8":10,"18":15}	items_equipment_ds9_combadge_24c2_equipment.png
Duchamps' Baccarat Paddle	4	1	2		worfs_duchamps_baccarat_paddle_quality4_equip	{"6":30,"9":100}	items_equipment_baccarat_paddle_equipment.png
Legendary Honorable Citation	5	3	10	Fuse this item with Legendary crew to increase their star rating by one up to their maximum.	honorable_citation_quality5		items_consumables_honorable_citation_item_3.png
Defensive Strategy	4	1	2		defensive_strategy_special_equip	{}	items_equipment_astrometric_chart_equipment.png
Crusher's Compact	3	1	2		crushers_dixonhill_compact_quality3_equip	{"18":15,"19":10,"20":20}	items_equipment_crushers_makeup_equipment.png
Excalbian Minerals	0	7	2		yarnek_minerals_quality0_equip	{"15":1,"16":3,"18":2}	items_equipment_boulder_equipment.png
Torres' Klingon Outfit	3	1	2		torres_klingon_outfit_quality3_equip	{"2":10,"22":15}	items_equipment_klingon_torres_outfit_equipment.png
Transparent Aluminum	2	25174	12	Found on Away Team missions.	transparent_aluminum_compon		items_starbase_components_transparent_aluminum_compon.png
Nanopolymer	1	29242	12	Found on Away Team missions.	nanopolymer_compon		items_starbase_components_nanopolymer_compon.png
Tritanium	1	26308	12	Found on Ship Battle missions.	tritanium_compon		items_starbase_components_tritanium_compon.png
Beuregard Flower	3	1	2		salt_vampire_beauregard_flower_quality3_equip	{"22":25}	items_equipment_beauregard_flower_equipment.png
Holoemitter	2	26775	12	Found on Ship Battle missions.	holoemitter_compon		items_starbase_components_holoemitter_compon.png
Odo's Confiscated Liquor	3	1	2		odo_confiscated_liquor_quality3_equip	{"6":15,"7":10,"8":20,"22":10}	items_equipment_odos_confiscated_liquor_equipment.png
Odo's Gaia Outfit	3	1	2		odos_future_outfit_quality3_equip	{"18":15,"19":4,"20":10}	items_equipment_odo_future_outfit_equipment.png
Spock's Laser Pistol	3	1	2		spocks_laser_pistol_quality3_equip	{"22":15,"23":10,"24":20}	items_equipment_laser_pistol_equipment.png
U.S.S. Shenzhou Schematic	0	150	8	Used to build and upgrade U.S.S. Shenzhou.	dsc_uss_shenzhou_ship_schematic		schematics_fed_shenzhou.png
Barak's Mek'leth	3	1	2		baraks_mekleth_quality3_equip	{"22":15}	items_equipment_mekleth_equipment.png
Burnham's Command Uniform	0	3	2		burnhams_pistol_uniform_quality0_equip	{"6":2}	items_equipment_dsc_science_uniform_equipment.png
Command Badge	0	87	2		dsc_command_badge_quality0_equip	{"6":2,"7":0,"8":4}	items_equipment_dsc_command_badge_equipment.png
Phaser Rifle	1	38	2		dsc_phaser_rifle_quality1_equip	{"22":5,"23":1,"24":3}	items_equipment_dsc_phaser_rifle_equipment.png
Phaser Rifle	2	3	2		dsc_phaser_rifle_quality2_equip	{"22":10,"23":1,"24":5}	items_equipment_dsc_phaser_rifle_equipment.png
Phaser Pistol	0	1	2		dsc_phaser_pistol_quality0_equip	{"9":40}	items_equipment_dsc_phaser_pistol_equipment.png
Phaser Pistol	2	1	2		dsc_phaser_pistol_quality2_equip	{"9":75}	items_equipment_dsc_phaser_pistol_equipment.png
Tricorder	2	108	2		dsc_tricorder_quality2_equip	{"15":6,"16":14}	items_equipment_dsc_tricorder_equipment.png
Desert Garb	0	1	2		desert_robes_quality0_equip	{"18":2}	items_equipment_medical_desert_robes_equipment.png
Hand Scanner	1	18	2		dsc_hand_scanner_quality1_equip	{"14":5}	items_equipment_dsc_hand_scanner_equipment.png
Command Communicator	0	624	2		dsc_communicator_command_quality0_equip	{"6":2}	items_equipment_dsc_communicator_equipment.png
Command Communicator	2	127	2		dsc_communicator_command_quality2_equip	{"6":10}	items_equipment_dsc_communicator_equipment.png
Lorca's Captain Uniform	0	1	2		lorcas_captian_uniform_quality0_equip	{"6":2}	items_equipment_dsc_captains_uniform_equipment.png
Science Badge	0	11	2		dsc_science_badge_quality0_equip	{"14":1}	items_equipment_dsc_science_badge_equipment.png
Jadzia's Festive Dress	2	1	2		jadzias_purple_dress_quality2_equip	{"10":25,"14":7}	items_equipment_jadzia_purple_dress_equipment.png
Jadzia's Festive Dress	3	1	2		jadzias_purple_dress_quality3_equip	{"10":50,"14":15}	items_equipment_jadzia_purple_dress_equipment.png
Mirror Reed's Defiant Uniform	0	1	2		reeds_mirror_uniform_quality0_equip	{"6":2,"22":2}	items_equipment_reeds_mirror_uniform_equipment.png
Terran Constellation Class Schematic	0	100	8	Used to build and upgrade Terran Empire Constellation Class.	ter_constellationclass_iss_ship_schematic		schematics_fed_constellationclass_stargazer_iss.png
Klingon Sarcophagus Schematic	0	100	8	Used to build and upgrade Klingon Sarcophagus.	dsc_klingon_sarcophagus_ship_schematic		schematics_kdf_sarcophagus.png
Klingon Disruptor Pistol	2	1	2		dsc_klingon_disruptor_pistol_quality2_equip	{"22":10}	items_equipment_dsc_klingon_disruptor_pistol_equipment.png
Yar's Uniform	1	1	2		yars_uniform_quality1_equip	{"6":3,"9":5,"23":1,"24":2}	items_equipment_tng_uniform_security_24c1_equipment.png
Yar's Glavin	2	1	2		yars_glavin_quality2_equip	{"12":15,"22":3,"23":4,"24":10}	items_equipment_yars_glavin_equipment.png
Mother Horta's Eggs	3	1	2		hortas_eggs_quality3_equip	{"18":10,"19":5,"20":15,"23":5,"24":15}	items_equipment_horta_eggs_equipment.png
Horta's Genetic Data	4	1	2		hortas_genetic_data_quality4_equip	{"19":15,"20":25,"22":20,"23":15,"24":25}	items_equipment_genetic_modification_equipment.png
Andorian Battlecruiser Kumari Schematic	0	450	8	Used to build and upgrade Andorian Battlecruiser Kumari.	andorian_battle_cruiser_kumari_ship_schematic		schematics_and_battlecruiser.png
Prisoner Cornwell's Admiral Uniform	0	1	2		cornwells_prisoner_uniform_quality0_equip	{"18":2,"26":2}	items_equipment_cornwell_admiral__uniform_equipment.png
Writing PADD	4	1	2		padd_stylus_23c1_quality4_equip	{"7":33,"8":67}	items_equipment_tos_padd_stylus_23c1_equipment.png
Burnham's Prospect Dress	0	1	2		burnhams_prospect_dress_quality0_equip	{"2":2,"14":2}	items_equipment_burnham_reddress_equipment.png
Shras' Ambassador Outfit	0	1	2		shras_ambassador_uniform_quality0_equip	{"6":2,"18":2}	items_equipment_dsc_tactical_vest_equipment.png
Lissan's Outfit	0	1	2		lissans_outfit_quality0_equip	{"18":2}	items_equipment_lissans_outfit_equipment.png
Mirror Cochrane's Outfit	2	1	2		cochranes_mirror_outfit_quality2_equip	{"2":3,"14":3,"15":1,"16":5}	items_equipment_cochrane_mirror_outfit_equipment.png
T'Pol's Jumpsuit	3	1	2		tpols_jumpsuit_quality3_equip	{"14":15,"19":4,"20":10}	items_equipment_tpols_red_jumpsuit_equipment.png
Vulcan Executioner's Uniform	0	2	2		vulcan_executioners_uniform_quality0_equip	{"19":1,"20":2,"22":2}	items_equipment_vulcan_executioners_uniform_equipment.png
Mintakan Troi's Dress	0	1	2		trois_mintakan_dress_quality0_equip	{"18":2,"26":2,"27":1,"28":2}	items_equipment_trois_mintakan_dress_equipment.png
Inglatu's Uniform	0	1	2		inglatus_uniform_quality0_equip	{"18":2,"23":1,"24":2}	items_equipment_inglatus_uniform_equipment.png
Picard's Romulan Robe	0	2	2		picards_romulan_robe_quality0_equip	{"18":2,"23":1,"24":2}	items_equipment_picards_romulan_robe_equipment.png
Virtuoso Doctor's Tuxedo	0	1	2		emh_virtuoso_tuxedo_quality0_equip	{"18":2,"19":1,"20":2}	items_equipment_virtuoso_doctor_tuxedo_equipment.png
Voyage Revival	5	3	13	Use to instantly revive a failed Voyage.	voyage_revival		currency_voyage_token1a.png
Off-Duty Tilly's Uniform	0	3	2		tillys_off_duty_uniform_quality0_equip	{"18":1,"19":1,"20":2}	items_equipment_tillys_disco_shirt_equipment.png
Bashir's Meal Ticket	3	1	2		bashir_bell_riots_ticket_quality3_equip	{"11":15,"22":15}	items_equipment_bashirs_bellriots_mealticket_equipment.png
Khan's Phaser	3	2	2		khans_phaser_quality3_equip	{"22":10,"23":10,"24":20}	items_equipment_tos_phaser_type2_23c1_equipment.png
Malik's Outfit	0	3	2		maliks_outfit_quality0_equip	{"18":2,"22":2,"23":1,"24":2}	items_equipment_maliks_uniform_equipment.png
Dukat's Breen Refrigeration Suit	2	1	2		dukats_breen_uniform_quality2_equip	{"19":1,"20":5,"22":7}	items_equipment_breen_uniform_equipment.png
Dukat's Breen Refrigeration Suit	5	1	2		dukats_breen_uniform_quality5_equip	{"19":20,"20":40,"22":65}	items_equipment_breen_uniform_equipment.png
Geordi La Forge's Uniform	1	2	2		laforge_helmsmans_uniform_quality1_equip	{"3":1,"4":5,"6":5}	items_equipment_tng_command_uniform_24c1_equipment.png
Geordi La Forge's Uniform	3	1	2		laforge_helmsmans_uniform_quality3_equip	{"3":10,"4":20,"6":25}	items_equipment_tng_command_uniform_24c1_equipment.png
Breen Command Warship Ship Schematic	0	750	8	Used to build and upgrade Breen Command Warship.	breen_warship_command_ship_schematic		schematics_brn_warship.png
Breen Warship Ship Schematic	0	20	8	Used to build and upgrade Breen Warship.	breen_warship_ship_schematic		schematics_brn_warship.png
Festive Lwaxana's Dress	1	1	2		lwaxanas_festive_dress_quality1_equip	{"6":2,"18":3}	items_equipment_troi_festivelwaxana_outfit_equipment.png
Festive Lwaxana's Dress	5	1	2		lwaxanas_festive_dress_quality5_equip	{"6":35,"18":65}	items_equipment_troi_festivelwaxana_outfit_equipment.png
Yelgrun's Outfit	3	1	2		yelgruns_outfit_quality3_equip	{"6":10,"18":15,"19":5,"20":20}	items_equipment_yelgruns_outfit_equipment.png
Hipicate Root	4	1	2		hipicate_root_quality4_equip	{"9":50,"14":50}	items_equipment_leola_root_equipment.png
Alternate Future T'Pol's Outfit	0	1	2		tpols_alternate_future_outfit_quality0_equip	{"6":2,"7":1,"8":2,"18":1}	items_equipment_tpols_alt_future_outfit_equipment.png
Jem'Hadar Flagship Ship Schematic	0	150	8	Used to build and upgrade Jem'Hadar Flagship.	jemhadar_flagship_ship_schematic		schematics_dom_jhb.png
Lady Beverly's Choker	3	1	2		crusher_lady_choker_quality3_equip	{"18":10,"26":15,"27":5,"28":5}	items_equipment_crusher_lady_choker_equipment.png
Losira's Outfit	0	1	2		losira_outfit_quality0_equip	{"6":1,"22":1,"23":1,"24":2}	items_equipment_losira_outfit_equipment.png
Reward Multiplier	5	107	4	(Shuttle Missions Only) 2x rewards.	reward_multiplier_5_shuttle_consumable		items_consumables_reward_multiplier_5_shuttle_consumable.png
Section 31 Insignia	1	1	2		dsc_section31_insignia_quality1_equip	{"19":1,"20":5,"22":3,"23":1,"24":3}	items_equipment_dsc_section31_insignia_equipment.png
U.S.S. Enterprise NCC-1701-A Schematic	0	150	8	Used to build and upgrade U.S.S. Enterprise NCC-1701-A.	enterprise_a_ship_schematic		schematics_fed_enterprise_1701_a.png
Away Team Burnham's Vest	4	1	2		burnham_away_vest_quality4_equip	{"15":20,"16":40,"22":30,"23":15,"24":25}	items_equipment_dsc_tactical_vest_equipment.png
B-4's Positronic Brain	3	1	2		b4_positronic_brain_quality3_equip	{"11":20,"18":15,"19":10,"20":20}	items_equipment_positronic_brain_equipment.png
B-4's Outfit	3	1	2		b4_outfit_quality3_equip	{"3":10,"4":20,"14":25,"15":16,"16":34}	items_equipment_b4_outfit_equipment.png
Borg Transmission	0	17	6	Spent to acquire Borg faction missions.	s_borg_token		items_transmissions_transmission_borg_icon.png
Number One's Away Uniform	0	1	2		number_one_away_uniform_quality0_equip	{"7":1,"8":3,"14":1}	items_equipment_number_one_uniform_equipment.png
Stamets' Sleep Outfit	3	1	2		stamets_offduty_outfit_quality3_equip	{"14":10,"15":4,"16":10}	items_equipment_dsc_starfleet_sleep_equipment.png
Fury Kes' Outfit	2	1	2		kes_fury_outfit_quality2_equip	{"22":7,"23":6,"24":14}	items_equipment_kes_fury_outfit_equipment.png
Lewis Zimmerman's Outfit	0	1	2		zimmerman_lewis_outfit_quality0_equip	{"2":2,"3":1,"4":4}	items_equipment_zimmerman_outfit_equipment.png
Vosk's Uniform	5	1	2		vosk_uniform_quality5_equip	{"2":65,"6":65,"7":65,"8":135}	items_equipment_vosk_uniform_equipment.png
Fugitive Spock's Hand Scanner	4	1	2		spock_fugitive_hand_scanner_quality4_equip	{"11":20,"18":30,"23":20,"24":40}	items_equipment_dsc_hand_scanner_equipment.png
White Rabbit's Vest	3	1	2		white_rabbit_vest_quality3_equip	{"2":50,"3":5,"4":15}	items_equipment_white_rabbit_outfit_equipment.png
Grathon Tolar's Outfit	5	1	2		grathon_tolar_outfit_quality5_equip	{"14":65,"15":25,"16":45}	items_equipment_grathon_tolar_outfit_equipment.png
Tolar's Dominion Holo-Recording	3	1	2		grathon_tolar_holorecording_quality3_equip	{"2":25,"6":15,"11":5}	items_equipment_da_vinci_workshop_holoprogram_equipment.png
T'pau's Outfit	1	1	2		tpau_young_outfit_quality1_equip	{"6":5,"18":3}	items_equipment_tpau_young_outfit_equipment.png
Kir'Shara	3	1	2		tpau_kirshara_quality3_equip	{"11":10,"14":10,"15":1,"16":5,"18":10}	items_equipment_ent_kirshara_equipment.png
Puppies	4	1	2		rogers_amanda_puppies_quality4_equip	{"2":20,"3":15,"4":25,"14":30}	items_equipment_puppies_equipment.png
Zora's Holodress	5	1	2		zora_holodress_quality5_equip	{"9":100,"18":100,"19":15,"20":25}	items_equipment_dsc_zora_holodress_equipment.png
Zora's Cameras	2	1	2		zora_camera_quality2_equip	{"11":3,"15":4,"16":10,"26":7}	items_equipment_dsc_zora_camera_equipment.png
Army Helmet Camera	4	1	2		dsc_army_helmet_quality4_equip	{"6":50,"7":20,"8":40,"9":50,"15":15,"16":25}	items_equipment_dsc_army_helmet_equipment.png
Pike's Away Team Jacket	4	1	2		pike_eden_jacket_quality4_equip	{"14":10,"18":50,"19":20,"20":40}	items_equipment_pike_eden_jacket_equipment.png
Burnham's Outfit	5	1	2		burnham_fugitive_outfit_quality5_equip	{"18":65,"19":20,"20":40,"26":65}	items_equipment_burnham_fugitive_outfit_equipment.png
Riker's Damaged Uniform	0	3	2		riker_caveman_uniform_quality0_equip	{"6":2,"23":1,"24":2}	items_equipment_tng_uniform_command_24c1_equipment.png
Torchbearer Tyler's Mek'leth	3	1	2		tyler_torchbearer_mekleth_quality3_equip	{"11":10,"22":15,"23":5,"24":5}	items_equipment_dsc_klingon_mekleth_02_equipment.png
Kamala's Wedding Gown	0	1	2		kamala_bethrothed_gown_quality0_equip	{"18":1,"19":1,"20":2}	items_equipment_kamala_weddinggown_equipment.png
Arandis' Dress	0	3	2		arandis_dress_quality0_equip	{"18":2}	items_equipment_arandis_dress_equipment.png
Admiral Forrest's Pips	3	1	2		forrest_admiral_pips_quality3_equip	{"9":25,"18":15,"19":10,"20":20}	items_equipment_ent_admiral_pips_equipment.png
Mirror Burnham's Uniform	2	1	2		burnham_mirror_uniform_quality2_equip	{"6":3,"18":10,"19":4,"20":10}	items_equipment_dsc_terran_imperial_uniform_equipment.png
Doctor Paul Stubbs' Outfit	3	1	2		stubbs_outfit_quality3_equip	{"14":10,"15":1,"16":5}	items_equipment_stubbs_outfit_equipment.png
1701 Bashir's Outfit	1	1	2		bashir_1701_outfit_quality1_equip	{"22":5,"23":1,"24":4,"26":3,"27":1,"28":5}	items_equipment_tos_uniform_science_23c1_equipment.png
Medic Jett Reno's Smock	3	1	2		jett_reno_medic_smock_quality3_equip	{"9":5,"11":3,"14":10,"15":5,"16":20}	items_equipment_reno_medic_smock_equipment.png
Nhans Breathing Apparatus	3	1	2		nhan_breathing_apparatus_quality3_equip	{"2":25,"3":10,"4":20,"9":100}	items_equipment_nhan_breathing_apparatus_equipment.png
Vagrant Braxtons Outfit	5	1	2		braxton_vagrant_outfit_quality5_equip	{"6":30,"7":10,"8":20,"14":50}	items_equipment_braxton_vagrant_outfit_equipment.png
Vagrant Braxtons Calculations	3	1	2		braxton_vagrant_calculations_quality3_equip	{"10":15,"14":25}	items_equipment_braxton_vagrant_calculations_equipment.png
Groom Worfs Outfit	0	1	2		worf_groom_outfit_quality0_equip	{"18":2}	items_equipment_worf_groom_outfit_equipment.png
Groom Worfs Outfit	5	1	2		worf_groom_outfit_quality5_equip	{"12":30,"18":65,"19":15,"20":15}	items_equipment_worf_groom_outfit_equipment.png
Edward Larkin's Uniform	5	1	2		larkin_uniform_quality5_equip	{"14":100,"15":25,"16":40}	items_equipment_dsc_s2_science_uniform_equipment.png
IKS Negh'Var Ship Schematic	0	374	8	Used to build and upgrade IKS Negh'Var.	kdf_neghvar_iks_ship_schematic		schematics_kdf_neghvar_iks.png
Shrans Fur Coat	0	1	2		shran_ransom_outfit_quality0_equip	{"18":2}	items_equipment_shran_ransom_outfit_equip.png
Shrans Fur Coat	5	1	2		shran_ransom_outfit_quality5_equip	{"9":100,"18":100,"19":10,"20":20,"22":35,"23":25,"24":40}	items_equipment_shran_ransom_outfit_equip.png
Reclamation Project Plans	4	1	2		narissa_reclamation_project_quality4_equip	{"18":30}	items_equipment_borg_schematics_equipment.png
Kivas Fajos Outfit	0	1	2		fajo_kivas_outfit_quality0_equip	{"22":2}	items_equipment_fajo_kivas_outfit.png
Kivas Fajos Outfit	5	1	2		fajo_kivas_outfit_quality5_equip	{"12":20,"18":20,"22":65,"23":15,"24":25}	items_equipment_fajo_kivas_outfit.png
Vulcan Wedding Gong	3	1	2		tpring_vulcan_wedding_gong_quality3_equip	{"22":25}	items_equipment_vulcan_wedding_gong_equipment.png
Vulcan Wedding Gong	4	2	2		tpring_vulcan_wedding_gong_quality4_equip	{"22":50,"23":1,"24":3}	items_equipment_vulcan_wedding_gong_equipment.png
Maquis Takeover Pariss Outfit	5	1	2		paris_maquis_outfit_quality5_equip	{"2":65,"3":15,"4":25,"23":5,"24":5}	items_equipment_picard_vest_equipment.png